rssd,CDFI
758075,FALSE
206491,FALSE
877284,FALSE
465878,FALSE
490281,FALSE
965891,FALSE
652593,FALSE
511391,FALSE
899790,FALSE
575870,FALSE
529181,FALSE
96786,FALSE
520889,FALSE
803591,FALSE
330985,FALSE
409395,FALSE
124876,FALSE
148180,FALSE
655277,FALSE
279280,FALSE
900892,TRUE
569178,FALSE
840194,FALSE
934570,FALSE
452186,FALSE
305095,FALSE
358886,FALSE
685694,FALSE
714688,FALSE
828491,FALSE
1015195,FALSE
674492,FALSE
22691,FALSE
181383,FALSE
1227701,FALSE
169578,FALSE
179474,FALSE
677288,FALSE
440183,FALSE
869083,FALSE
922894,FALSE
982692,FALSE
344786,FALSE
213499,FALSE
411772,FALSE
674988,FALSE
53181,FALSE
140399,FALSE
827289,FALSE
232388,FALSE
267988,FALSE
586689,FALSE
693970,FALSE
448479,FALSE
971678,FALSE
456081,FALSE
960289,FALSE
181486,FALSE
640796,FALSE
764599,FALSE
23586,FALSE
342184,FALSE
436289,FALSE
147585,FALSE
653974,FALSE
512099,FALSE
271686,FALSE
891486,FALSE
340395,FALSE
928878,FALSE
777692,FALSE
578394,FALSE
839899,FALSE
509071,FALSE
780692,FALSE
148591,FALSE
93495,FALSE
75987,FALSE
325084,FALSE
798174,FALSE
340881,FALSE
618094,FALSE
885195,FALSE
669498,FALSE
406590,FALSE
640376,FALSE
407878,FALSE
128397,FALSE
231381,FALSE
99983,FALSE
28282,FALSE
530598,FALSE
1007985,FALSE
622185,FALSE
1227514,FALSE
367879,FALSE
156596,FALSE
561695,FALSE
1001590,TRUE
999494,FALSE
807076,FALSE
550073,FALSE
277389,FALSE
602392,FALSE
291385,FALSE
719188,FALSE
464282,FALSE
344580,FALSE
637778,FALSE
998479,FALSE
288590,FALSE
1007583,FALSE
615897,FALSE
765596,FALSE
771270,FALSE
425292,FALSE
401885,FALSE
976383,FALSE
446886,FALSE
1004180,FALSE
365688,FALSE
243683,FALSE
69098,FALSE
399076,FALSE
300287,FALSE
446493,FALSE
429085,FALSE
990482,FALSE
341981,FALSE
728199,FALSE
843083,FALSE
841593,FALSE
1227279,FALSE
366975,FALSE
664279,FALSE
509183,FALSE
431994,FALSE
497981,FALSE
760498,FALSE
995188,FALSE
683494,FALSE
743688,FALSE
802996,FALSE
62398,FALSE
225997,FALSE
942397,FALSE
639594,FALSE
663188,FALSE
477899,FALSE
553083,TRUE
710783,FALSE
124988,FALSE
160799,FALSE
631477,FALSE
66088,FALSE
841397,FALSE
880798,FALSE
642996,FALSE
218887,FALSE
336884,FALSE
987482,FALSE
732084,FALSE
153296,FALSE
939481,FALSE
524999,FALSE
882194,FALSE
538585,FALSE
906296,FALSE
180797,FALSE
837493,FALSE
799489,FALSE
349884,FALSE
542395,FALSE
727370,FALSE
480198,FALSE
64794,FALSE
127680,FALSE
208084,FALSE
269076,FALSE
168487,FALSE
762399,FALSE
808596,FALSE
243179,FALSE
428079,FALSE
41580,TRUE
334693,FALSE
3074,FALSE
605094,FALSE
739597,FALSE
866372,FALSE
419983,FALSE
870294,FALSE
794194,FALSE
283474,FALSE
65577,FALSE
742681,FALSE
948689,FALSE
153287,FALSE
503985,FALSE
970185,TRUE
121781,FALSE
978789,FALSE
336790,FALSE
519490,FALSE
524195,FALSE
690595,FALSE
1004779,FALSE
646882,FALSE
849085,FALSE
357580,FALSE
641382,FALSE
453295,FALSE
922193,FALSE
179483,FALSE
419479,FALSE
694182,FALSE
435198,TRUE
869382,FALSE
151377,FALSE
90588,FALSE
601171,TRUE
700298,FALSE
207087,FALSE
654485,FALSE
854892,FALSE
779089,FALSE
577678,FALSE
392394,FALSE
607874,FALSE
591487,FALSE
1227185,FALSE
1019513,FALSE
719599,FALSE
920096,FALSE
199481,FALSE
294685,FALSE
708481,FALSE
617378,FALSE
635886,FALSE
450276,FALSE
320780,FALSE
790383,FALSE
397296,FALSE
760489,FALSE
266794,FALSE
2630568,FALSE
770282,FALSE
357281,FALSE
851471,FALSE
517290,FALSE
929482,FALSE
448385,FALSE
349697,FALSE
753379,FALSE
225698,FALSE
1000584,FALSE
783983,FALSE
71699,FALSE
289186,FALSE
67674,FALSE
700485,FALSE
477488,FALSE
977577,FALSE
211075,FALSE
828370,FALSE
841481,FALSE
183293,FALSE
969693,TRUE
715779,FALSE
384791,FALSE
877686,FALSE
665986,FALSE
605692,FALSE
232696,FALSE
887984,FALSE
889081,FALSE
35776,FALSE
980894,FALSE
271574,FALSE
734181,FALSE
415882,FALSE
596183,FALSE
698377,FALSE
185989,FALSE
27678,FALSE
523291,FALSE
446989,FALSE
221195,FALSE
295187,FALSE
293286,FALSE
247784,FALSE
175784,FALSE
567884,FALSE
358989,FALSE
908889,FALSE
876791,FALSE
877480,FALSE
358895,FALSE
643087,FALSE
483582,FALSE
174778,FALSE
527981,FALSE
4585,FALSE
533290,FALSE
789994,FALSE
196882,TRUE
52885,FALSE
369574,FALSE
245397,FALSE
713391,FALSE
178589,FALSE
1227028,FALSE
590387,FALSE
516677,FALSE
886772,FALSE
842992,FALSE
808372,FALSE
412676,TRUE
962199,FALSE
257587,FALSE
807683,FALSE
852487,FALSE
502399,FALSE
920489,FALSE
842880,FALSE
736783,FALSE
413691,FALSE
873080,FALSE
406385,FALSE
558471,FALSE
638494,FALSE
371492,FALSE
417895,FALSE
1017283,FALSE
560988,FALSE
958893,TRUE
385378,FALSE
974389,FALSE
543785,FALSE
26774,FALSE
739382,FALSE
797681,FALSE
213686,FALSE
808587,FALSE
710372,FALSE
225595,FALSE
929893,FALSE
488699,FALSE
681584,FALSE
472287,FALSE
433176,FALSE
254380,FALSE
264679,FALSE
708874,FALSE
676982,FALSE
209595,FALSE
708687,FALSE
42390,FALSE
619381,FALSE
745785,FALSE
492696,FALSE
248893,FALSE
177993,FALSE
456175,FALSE
968986,FALSE
216191,FALSE
922380,FALSE
172381,FALSE
774990,FALSE
687193,FALSE
934785,FALSE
836197,FALSE
628495,TRUE
1007770,FALSE
202493,FALSE
341682,FALSE
381491,FALSE
3921076,FALSE
872186,FALSE
1019335,FALSE
480581,FALSE
370888,FALSE
977380,FALSE
654298,FALSE
877097,FALSE
190394,FALSE
710493,FALSE
986195,FALSE
2760072,FALSE
44095,FALSE
66985,FALSE
105585,FALSE
256487,FALSE
33183,FALSE
154284,FALSE
50676,FALSE
179791,FALSE
715199,FALSE
554080,TRUE
738899,FALSE
658894,FALSE
725693,FALSE
633994,TRUE
274490,FALSE
902298,FALSE
609597,FALSE
52090,FALSE
854799,FALSE
1000388,FALSE
678098,TRUE
462699,FALSE
182072,FALSE
143587,FALSE
619792,FALSE
104092,FALSE
118893,FALSE
957289,FALSE
454591,FALSE
1002391,FALSE
735076,FALSE
829993,FALSE
308573,FALSE
905178,FALSE
919698,FALSE
597395,FALSE
246796,FALSE
17772,FALSE
524887,FALSE
280875,FALSE
581899,FALSE
229379,FALSE
153474,FALSE
624974,TRUE
86488,FALSE
484093,FALSE
707279,FALSE
154677,FALSE
644990,FALSE
736886,FALSE
484374,FALSE
509996,FALSE
203584,FALSE
65184,FALSE
399683,FALSE
44675,FALSE
415686,FALSE
225193,FALSE
734284,FALSE
797588,FALSE
82891,FALSE
391379,FALSE
886594,FALSE
714183,FALSE
662798,FALSE
63993,FALSE
135292,FALSE
976084,FALSE
734695,FALSE
70889,FALSE
152589,FALSE
628990,FALSE
704296,FALSE
634487,FALSE
318581,FALSE
226480,TRUE
282271,FALSE
327284,FALSE
326997,FALSE
750985,TRUE
800086,FALSE
272982,FALSE
977885,FALSE
705293,FALSE
1867611,FALSE
716299,FALSE
49371,FALSE
552282,FALSE
786685,FALSE
442589,TRUE
565497,FALSE
163594,FALSE
50489,FALSE
324199,FALSE
44376,FALSE
722889,FALSE
209287,FALSE
454797,FALSE
619998,FALSE
98182,FALSE
999597,FALSE
3158957,FALSE
229687,FALSE
1004984,FALSE
394080,FALSE
143970,FALSE
132385,FALSE
48383,FALSE
677475,FALSE
43874,FALSE
197384,FALSE
140586,FALSE
59398,FALSE
95695,FALSE
168982,FALSE
629090,FALSE
848695,FALSE
662293,FALSE
167284,FALSE
874582,FALSE
336585,FALSE
116581,FALSE
739896,FALSE
464581,FALSE
473275,TRUE
402592,FALSE
745673,FALSE
857389,TRUE
961594,FALSE
572785,FALSE
699084,FALSE
866596,FALSE
965985,FALSE
18676,FALSE
255994,FALSE
255882,FALSE
476285,FALSE
587471,FALSE
475493,TRUE
385190,FALSE
931681,FALSE
1017171,FALSE
251286,FALSE
835882,FALSE
1004498,FALSE
267670,FALSE
526292,FALSE
316671,FALSE
495772,FALSE
30098,FALSE
584685,FALSE
1012176,FALSE
455196,FALSE
556897,FALSE
957382,FALSE
726074,FALSE
487674,FALSE
1389177,FALSE
709880,FALSE
709376,FALSE
900182,FALSE
425078,FALSE
527495,FALSE
858087,FALSE
886,FALSE
233572,FALSE
827485,FALSE
1009680,FALSE
829685,FALSE
967774,FALSE
948492,FALSE
270791,FALSE
705172,FALSE
742690,FALSE
570473,FALSE
668893,FALSE
3176698,TRUE
10885,FALSE
311984,FALSE
985291,FALSE
586698,FALSE
267483,FALSE
4874076,FALSE
576185,FALSE
80589,TRUE
66284,FALSE
446587,FALSE
262394,FALSE
810599,FALSE
799498,FALSE
42082,FALSE
867294,FALSE
579690,FALSE
887890,FALSE
702386,FALSE
604172,FALSE
620480,FALSE
922979,FALSE
828987,FALSE
221186,FALSE
61298,FALSE
470881,FALSE
486770,FALSE
801980,FALSE
101194,FALSE
617284,FALSE
68176,FALSE
735777,FALSE
583295,FALSE
365585,FALSE
271190,FALSE
47797,FALSE
150585,FALSE
248192,FALSE
146391,FALSE
588094,FALSE
784690,FALSE
424482,FALSE
622493,FALSE
811381,FALSE
695899,FALSE
205476,FALSE
587284,FALSE
193180,FALSE
464394,FALSE
633798,FALSE
968397,FALSE
4842392,TRUE
602383,FALSE
73376,FALSE
280286,FALSE
189277,FALSE
3999,FALSE
302487,FALSE
533991,FALSE
501589,FALSE
450388,FALSE
923789,FALSE
164797,FALSE
699785,FALSE
498586,FALSE
940982,FALSE
940179,FALSE
732888,FALSE
17473,FALSE
575179,FALSE
446699,FALSE
814672,TRUE
426374,FALSE
834689,FALSE
964296,FALSE
898195,FALSE
450986,FALSE
756585,FALSE
605281,FALSE
321899,FALSE
367598,FALSE
73,FALSE
109873,FALSE
621384,TRUE
674894,FALSE
217880,FALSE
688583,FALSE
215288,FALSE
531296,FALSE
695992,FALSE
39091,FALSE
959797,FALSE
351690,FALSE
944588,FALSE
620770,FALSE
966991,FALSE
11471,FALSE
758187,FALSE
75772,FALSE
310080,FALSE
624787,TRUE
129992,FALSE
199397,FALSE
350880,FALSE
455383,FALSE
339782,FALSE
74681,FALSE
416197,TRUE
419488,FALSE
804196,FALSE
402471,FALSE
74971,FALSE
213293,FALSE
667971,FALSE
927581,FALSE
525389,FALSE
633789,FALSE
730987,FALSE
642875,FALSE
948081,FALSE
786993,FALSE
660691,FALSE
142692,FALSE
371894,FALSE
554996,FALSE
4389,FALSE
235594,FALSE
660897,FALSE
161899,FALSE
983082,FALSE
228288,FALSE
107187,FALSE
674791,FALSE
444293,FALSE
657486,FALSE
37293,FALSE
293697,FALSE
584498,FALSE
368492,FALSE
512183,FALSE
749895,FALSE
684389,FALSE
36380,FALSE
924085,FALSE
527794,FALSE
644271,FALSE
725291,FALSE
916398,TRUE
720689,FALSE
533085,FALSE
328085,FALSE
94997,FALSE
497383,FALSE
3945737,TRUE
203294,FALSE
166595,TRUE
257596,FALSE
447294,TRUE
303998,FALSE
1006296,FALSE
364597,FALSE
174581,FALSE
864293,FALSE
992990,FALSE
11387,FALSE
372190,FALSE
40190,FALSE
23894,FALSE
873295,FALSE
769491,FALSE
899576,FALSE
16690,FALSE
176875,FALSE
263494,FALSE
727679,FALSE
114082,TRUE
216687,FALSE
306298,FALSE
885878,FALSE
793197,FALSE
591375,FALSE
49090,FALSE
519397,FALSE
767581,FALSE
194187,FALSE
509286,FALSE
494793,FALSE
774598,FALSE
478672,FALSE
747097,FALSE
578880,FALSE
562777,FALSE
549983,FALSE
665584,FALSE
920386,FALSE
32887,FALSE
1002092,FALSE
1163117,FALSE
234793,FALSE
1228173,FALSE
813385,FALSE
469081,FALSE
581787,FALSE
555872,FALSE
240598,FALSE
735281,FALSE
556990,FALSE
751973,FALSE
276793,FALSE
754880,FALSE
405070,FALSE
754273,FALSE
903772,FALSE
551490,FALSE
347198,FALSE
806284,FALSE
122890,FALSE
941774,FALSE
242387,FALSE
829386,FALSE
548696,FALSE
546692,FALSE
373580,FALSE
585495,TRUE
78773,FALSE
965882,FALSE
935371,FALSE
718499,FALSE
310884,FALSE
113777,FALSE
17594,FALSE
690399,FALSE
593687,FALSE
323996,FALSE
140791,FALSE
880480,FALSE
359780,FALSE
986177,TRUE
685872,FALSE
680596,FALSE
789396,FALSE
792284,FALSE
592381,FALSE
49894,FALSE
893789,FALSE
625896,FALSE
778680,FALSE
529985,TRUE
35981,FALSE
706197,FALSE
760694,FALSE
755878,FALSE
956086,FALSE
131490,FALSE
486985,FALSE
702694,TRUE
605085,FALSE
397885,FALSE
361493,FALSE
296492,FALSE
452896,FALSE
88183,FALSE
223582,FALSE
774981,FALSE
237589,FALSE
463285,FALSE
829694,FALSE
468990,FALSE
253392,FALSE
561387,FALSE
293099,FALSE
66583,FALSE
333379,FALSE
471990,FALSE
230786,FALSE
763574,FALSE
730491,FALSE
424594,FALSE
266084,FALSE
1862625,FALSE
94296,FALSE
374886,FALSE
499798,FALSE
437398,FALSE
472399,FALSE
5498,FALSE
723895,FALSE
228596,FALSE
781475,FALSE
108184,FALSE
542377,FALSE
15675,FALSE
336099,FALSE
68783,FALSE
892698,FALSE
520179,FALSE
596080,FALSE
367392,FALSE
1010798,FALSE
35785,FALSE
869289,FALSE
678276,FALSE
296698,FALSE
520692,FALSE
831370,FALSE
420484,FALSE
212492,TRUE
37097,FALSE
342791,FALSE
500283,FALSE
727884,FALSE
782986,FALSE
1000173,FALSE
7296,FALSE
865384,TRUE
855497,FALSE
866792,FALSE
146270,FALSE
598691,FALSE
277697,FALSE
1018945,FALSE
66873,FALSE
567772,FALSE
801878,FALSE
947673,FALSE
152794,FALSE
453688,FALSE
515287,FALSE
773386,FALSE
744292,FALSE
519986,FALSE
391182,FALSE
12281,FALSE
455093,FALSE
602776,FALSE
229883,FALSE
637796,FALSE
221382,FALSE
574275,FALSE
267081,FALSE
1012390,FALSE
427885,FALSE
809687,FALSE
995384,FALSE
748692,FALSE
1015793,FALSE
939397,FALSE
775081,FALSE
712983,FALSE
18489,FALSE
775380,FALSE
235370,FALSE
625289,FALSE
40798,FALSE
521390,FALSE
990473,FALSE
558891,FALSE
962096,FALSE
259693,TRUE
282897,FALSE
687081,FALSE
482099,FALSE
117690,FALSE
248781,FALSE
290388,FALSE
251491,FALSE
905888,FALSE
92890,FALSE
987585,FALSE
219389,FALSE
365398,FALSE
343396,FALSE
498894,FALSE
918084,FALSE
4893,FALSE
817392,FALSE
517786,FALSE
162784,FALSE
741590,TRUE
555591,TRUE
716084,FALSE
902681,FALSE
861788,FALSE
314976,FALSE
695497,FALSE
267184,FALSE
824877,FALSE
139898,FALSE
428798,TRUE
497589,FALSE
191195,FALSE
515894,FALSE
374783,FALSE
540270,FALSE
607173,FALSE
108586,FALSE
702274,FALSE
981798,FALSE
618580,FALSE
507394,FALSE
912082,FALSE
770488,FALSE
630993,FALSE
296885,FALSE
813198,FALSE
5788,FALSE
499480,TRUE
348887,FALSE
766995,FALSE
133074,FALSE
711696,FALSE
374998,FALSE
720184,FALSE
485979,FALSE
116189,FALSE
521185,FALSE
898494,FALSE
901086,FALSE
397997,FALSE
871684,FALSE
1016697,FALSE
455299,FALSE
801391,FALSE
170686,FALSE
826488,FALSE
998880,FALSE
679590,FALSE
480282,FALSE
286194,FALSE
149299,FALSE
677073,FALSE
341589,FALSE
503190,FALSE
197094,FALSE
280688,TRUE
579681,FALSE
957878,FALSE
1007882,FALSE
961987,FALSE
13390,TRUE
186593,FALSE
2092401,FALSE
35495,FALSE
480992,FALSE
1019344,FALSE
439299,FALSE
329587,FALSE
233880,FALSE
675882,FALSE
12889,FALSE
361484,FALSE
926771,FALSE
230898,FALSE
553092,FALSE
497879,FALSE
858975,FALSE
74186,FALSE
324591,FALSE
472698,FALSE
164788,FALSE
800394,FALSE
216874,FALSE
972590,FALSE
671174,FALSE
534970,FALSE
283698,FALSE
943871,FALSE
170798,FALSE
522593,TRUE
315478,FALSE
652089,FALSE
742092,FALSE
976589,FALSE
983970,FALSE
161198,FALSE
111988,FALSE
979889,FALSE
678799,FALSE
243580,FALSE
296670,FALSE
561471,FALSE
957177,FALSE
663692,FALSE
987987,FALSE
942780,FALSE
891392,FALSE
999092,FALSE
127596,FALSE
550185,FALSE
222286,FALSE
1016585,FALSE
479576,FALSE
1019326,FALSE
205878,FALSE
43481,FALSE
526470,FALSE
56098,FALSE
187871,FALSE
584199,FALSE
299082,FALSE
696391,FALSE
370691,FALSE
155290,FALSE
484673,FALSE
430483,FALSE
12094,FALSE
505381,FALSE
977979,FALSE
751786,FALSE
270399,FALSE
24891,FALSE
595298,FALSE
833178,FALSE
525893,FALSE
624170,FALSE
1014693,FALSE
65483,FALSE
672377,FALSE
602785,TRUE
792387,FALSE
573698,TRUE
33884,FALSE
167499,FALSE
317388,FALSE
159083,FALSE
520898,FALSE
530374,FALSE
282084,FALSE
851583,FALSE
840998,FALSE
438274,FALSE
454283,FALSE
619895,FALSE
493095,FALSE
498997,FALSE
810991,FALSE
912288,FALSE
857099,FALSE
876997,FALSE
562290,TRUE
795687,FALSE
220581,FALSE
636995,FALSE
649182,FALSE
830298,FALSE
312486,FALSE
752792,FALSE
661278,FALSE
2979212,TRUE
285599,FALSE
128678,FALSE
24994,TRUE
641083,FALSE
182689,FALSE
609195,TRUE
716673,FALSE
469492,FALSE
350590,FALSE
323688,FALSE
732981,FALSE
514589,FALSE
379489,FALSE
497392,FALSE
803395,FALSE
977296,FALSE
512875,TRUE
132787,FALSE
859794,FALSE
198783,FALSE
743389,FALSE
590873,FALSE
243281,FALSE
524494,FALSE
615794,FALSE
682992,FALSE
441984,FALSE
973485,FALSE
688592,FALSE
355698,FALSE
902690,FALSE
471196,FALSE
176473,TRUE
962685,FALSE
36988,FALSE
234597,FALSE
19981,FALSE
917180,FALSE
998581,FALSE
119797,FALSE
1002672,FALSE
782771,FALSE
437688,FALSE
209278,FALSE
169970,FALSE
674081,TRUE
656180,FALSE
79677,FALSE
437893,FALSE
3034967,FALSE
711687,FALSE
761187,FALSE
219398,FALSE
158787,FALSE
366489,FALSE
324283,FALSE
1225211,FALSE
821979,FALSE
912792,FALSE
721994,FALSE
308283,FALSE
133980,FALSE
698797,FALSE
667195,FALSE
568283,FALSE
203986,FALSE
940889,FALSE
865487,FALSE
839189,TRUE
872793,FALSE
343088,TRUE
566177,FALSE
136280,FALSE
380186,FALSE
256991,FALSE
785099,TRUE
624385,FALSE
228989,FALSE
672395,FALSE
3037892,FALSE
989888,FALSE
318684,FALSE
787888,FALSE
104793,FALSE
292887,FALSE
907789,FALSE
28488,FALSE
632492,FALSE
328692,FALSE
855590,FALSE
491998,FALSE
223377,FALSE
271088,FALSE
330770,FALSE
85397,FALSE
922492,FALSE
253486,FALSE
461982,FALSE
917283,FALSE
612896,FALSE
846888,FALSE
379386,FALSE
248295,TRUE
78193,FALSE
1018806,FALSE
348092,FALSE
499994,TRUE
886893,FALSE
629894,FALSE
850492,FALSE
239873,FALSE
210573,FALSE
613996,FALSE
386692,FALSE
606792,FALSE
39082,FALSE
245874,FALSE
618384,FALSE
1000089,TRUE
185886,FALSE
880770,FALSE
144986,FALSE
198998,FALSE
716897,FALSE
461674,FALSE
189697,FALSE
322092,FALSE
556589,FALSE
583884,FALSE
82499,FALSE
833598,TRUE
162775,FALSE
953375,FALSE
449092,FALSE
811493,FALSE
45793,FALSE
607388,FALSE
547587,FALSE
276391,FALSE
955892,FALSE
990772,FALSE
875383,TRUE
969899,FALSE
27799,FALSE
56584,FALSE
112293,FALSE
152682,FALSE
386384,TRUE
436690,FALSE
298496,FALSE
39185,FALSE
565385,FALSE
1225190,FALSE
595579,FALSE
370589,FALSE
348494,FALSE
976785,FALSE
319494,FALSE
27780,FALSE
691574,FALSE
464189,FALSE
473284,FALSE
1002887,FALSE
595083,FALSE
236685,FALSE
90092,FALSE
625775,FALSE
581983,FALSE
414894,FALSE
371287,FALSE
164872,FALSE
48879,FALSE
739971,FALSE
333285,FALSE
887573,FALSE
262684,FALSE
19570,FALSE
412274,FALSE
902999,FALSE
217077,FALSE
162195,FALSE
293790,FALSE
535490,FALSE
268789,FALSE
871787,FALSE
194794,FALSE
167873,FALSE
55587,FALSE
534699,FALSE
460882,FALSE
329699,FALSE
163482,FALSE
227692,FALSE
527598,TRUE
349875,FALSE
715292,FALSE
878599,FALSE
176099,FALSE
229182,FALSE
636173,FALSE
121688,FALSE
876689,FALSE
386272,FALSE
761075,FALSE
964184,FALSE
371586,FALSE
1002690,FALSE
107089940,FALSE
80383,FALSE
398387,FALSE
826590,FALSE
905990,FALSE
3485514,FALSE
749073,TRUE
151199,FALSE
560090,FALSE
298393,TRUE
565376,FALSE
697884,FALSE
1009877,FALSE
626893,FALSE
357898,FALSE
146289,FALSE
638391,FALSE
967091,FALSE
771485,FALSE
30388,FALSE
398583,FALSE
240981,FALSE
657897,FALSE
127587,FALSE
464796,FALSE
547372,FALSE
646387,TRUE
2590,FALSE
538192,FALSE
620190,FALSE
585486,FALSE
757788,FALSE
305974,FALSE
1366963,FALSE
792172,FALSE
517580,FALSE
160098,FALSE
557979,FALSE
646293,FALSE
278096,FALSE
292681,FALSE
60684,TRUE
452588,FALSE
366395,FALSE
656685,TRUE
493189,FALSE
599081,FALSE
422880,FALSE
154480,FALSE
603670,FALSE
64897,TRUE
522089,FALSE
239480,TRUE
358587,FALSE
930693,FALSE
14593,FALSE
312299,FALSE
1008991,FALSE
606082,FALSE
394099,FALSE
813394,FALSE
876492,FALSE
335980,FALSE
5149025,TRUE
288497,FALSE
4455176,TRUE
196172,FALSE
358091,TRUE
352491,FALSE
960690,FALSE
237897,FALSE
755999,FALSE
885298,FALSE
39989,FALSE
1008272,FALSE
791371,FALSE
586988,FALSE
664970,FALSE
717399,FALSE
295981,FALSE
847492,FALSE
61494,FALSE
108278,FALSE
810384,FALSE
523871,FALSE
987697,FALSE
127288,TRUE
835798,FALSE
186098,FALSE
831688,TRUE
808998,FALSE
691695,FALSE
984995,TRUE
684277,TRUE
223078,FALSE
770693,FALSE
879381,FALSE
173173,FALSE
576194,FALSE
829975,FALSE
981789,FALSE
868189,FALSE
1014273,FALSE
770189,FALSE
646378,FALSE
958071,FALSE
588393,FALSE
754497,FALSE
306690,FALSE
482978,FALSE
627685,FALSE
744890,FALSE
521886,FALSE
259572,FALSE
726485,FALSE
180498,FALSE
671473,FALSE
595494,FALSE
171094,FALSE
72874,FALSE
805586,FALSE
989794,TRUE
692786,FALSE
369172,FALSE
386795,FALSE
782379,FALSE
252788,FALSE
850175,FALSE
263681,FALSE
441180,FALSE
1016099,TRUE
861582,FALSE
831099,FALSE
571685,FALSE
181084,FALSE
231297,FALSE
702993,FALSE
548584,FALSE
505493,FALSE
287294,FALSE
430791,FALSE
389291,FALSE
238698,FALSE
402387,FALSE
220684,FALSE
177694,FALSE
724771,FALSE
759670,FALSE
740089,FALSE
1006997,FALSE
403580,FALSE
166287,FALSE
88884,FALSE
648699,FALSE
96898,FALSE
990893,FALSE
678678,FALSE
229678,FALSE
830690,FALSE
920498,FALSE
915980,FALSE
581693,FALSE
853792,FALSE
1016987,FALSE
849487,FALSE
1005187,FALSE
880695,FALSE
186678,FALSE
418780,FALSE
901983,FALSE
651998,FALSE
334590,TRUE
733595,FALSE
359098,FALSE
466099,FALSE
103095,FALSE
640095,FALSE
42989,FALSE
779593,FALSE
219491,FALSE
770095,FALSE
365192,FALSE
867995,FALSE
377391,FALSE
246880,FALSE
571292,FALSE
443193,TRUE
150080,FALSE
726878,FALSE
1294,FALSE
740575,FALSE
861087,FALSE
47489,FALSE
466987,TRUE
440688,FALSE
527682,FALSE
743594,FALSE
291992,FALSE
988582,FALSE
775175,FALSE
497299,FALSE
2765246,FALSE
735580,FALSE
347590,FALSE
745299,FALSE
253888,FALSE
961688,FALSE
621580,FALSE
901376,FALSE
505082,FALSE
629791,FALSE
972394,FALSE
501794,TRUE
263999,FALSE
793487,TRUE
769594,FALSE
732392,FALSE
496096,FALSE
94193,TRUE
234896,FALSE
598888,FALSE
273671,FALSE
483386,FALSE
818988,FALSE
114671,FALSE
186780,FALSE
639080,FALSE
191083,FALSE
644392,FALSE
37499,FALSE
499275,TRUE
84185,FALSE
360393,FALSE
427287,FALSE
622475,FALSE
273895,FALSE
236386,FALSE
544773,FALSE
182193,FALSE
222491,FALSE
225876,FALSE
467890,FALSE
29980,FALSE
910677,FALSE
136888,FALSE
748571,FALSE
429786,TRUE
398686,FALSE
98696,FALSE
151582,FALSE
142898,FALSE
2872854,FALSE
643582,FALSE
37985,FALSE
775399,FALSE
110187,FALSE
723587,FALSE
376992,FALSE
98593,FALSE
771186,FALSE
794279,FALSE
514897,FALSE
1007190,FALSE
471598,FALSE
144294,FALSE
857398,FALSE
869391,FALSE
756389,FALSE
624488,FALSE
572972,FALSE
100571,FALSE
244998,FALSE
422488,FALSE
992598,FALSE
474478,FALSE
952985,FALSE
146579,FALSE
959498,FALSE
926593,FALSE
92582,FALSE
269580,FALSE
502278,FALSE
271789,FALSE
947682,FALSE
260587,FALSE
959283,FALSE
305693,TRUE
319092,FALSE
79396,FALSE
574097,FALSE
362098,FALSE
576381,TRUE
433680,FALSE
610294,FALSE
955472,FALSE
967895,FALSE
116778,TRUE
364289,FALSE
941194,FALSE
306186,FALSE
639688,FALSE
264585,FALSE
882381,FALSE
929071,FALSE
20286,FALSE
433390,FALSE
567987,FALSE
261098,FALSE
110075,FALSE
421883,FALSE
967792,FALSE
3461312,FALSE
840493,FALSE
758093,FALSE
711977,FALSE
915298,FALSE
263391,FALSE
371698,FALSE
943198,FALSE
948380,FALSE
797784,FALSE
578095,FALSE
721499,FALSE
647094,FALSE
530299,FALSE
14472,FALSE
773078,FALSE
352389,FALSE
820598,FALSE
861676,FALSE
2242653,TRUE
570286,FALSE
118473,FALSE
805689,TRUE
337984,FALSE
4878878,FALSE
945192,FALSE
383486,FALSE
998385,FALSE
784195,FALSE
783880,FALSE
926388,FALSE
496087,FALSE
697594,TRUE
116198,FALSE
556486,FALSE
248996,FALSE
631897,FALSE
826675,FALSE
653572,FALSE
260886,FALSE
171898,FALSE
643377,FALSE
555087,TRUE
939276,FALSE
849384,FALSE
131799,FALSE
910480,FALSE
793076,TRUE
723596,FALSE
155898,FALSE
693596,FALSE
247980,FALSE
254689,FALSE
813899,FALSE
564584,FALSE
270492,FALSE
21694,FALSE
28170,FALSE
105697,FALSE
633190,FALSE
78483,FALSE
132572,FALSE
891084,TRUE
968584,FALSE
688387,FALSE
660589,FALSE
22495,FALSE
293295,TRUE
425498,FALSE
665285,FALSE
423494,FALSE
555171,FALSE
290191,FALSE
486079,FALSE
696579,FALSE
461991,FALSE
206482,FALSE
236292,FALSE
299671,FALSE
134884,FALSE
595887,FALSE
135573,FALSE
381099,FALSE
827980,FALSE
832489,FALSE
53882,FALSE
693989,TRUE
884675,FALSE
430081,FALSE
555395,FALSE
645287,FALSE
693895,FALSE
271798,FALSE
19280,FALSE
168188,FALSE
5336124,FALSE
308199,FALSE
365987,FALSE
701295,FALSE
653488,FALSE
974987,FALSE
132170,FALSE
168777,FALSE
265573,FALSE
865683,FALSE
122881,FALSE
200770,FALSE
96580,FALSE
550288,FALSE
111894,TRUE
479697,FALSE
1008683,FALSE
982188,FALSE
174983,FALSE
304070,FALSE
397698,FALSE
315982,FALSE
665874,FALSE
414371,TRUE
460985,FALSE
407494,TRUE
785491,FALSE
615486,FALSE
129572,FALSE
500694,FALSE
906184,FALSE
176482,FALSE
117999,FALSE
377186,FALSE
930488,FALSE
908179,FALSE
549189,FALSE
31572,FALSE
840895,FALSE
568096,FALSE
446091,FALSE
3208496,FALSE
938484,FALSE
310585,FALSE
982094,FALSE
821090,FALSE
297293,FALSE
544193,FALSE
976280,FALSE
321282,FALSE
609588,FALSE
741899,FALSE
500872,FALSE
870276,FALSE
602897,FALSE
149495,FALSE
614984,FALSE
953384,FALSE
214384,FALSE
858395,FALSE
199874,FALSE
75473,FALSE
844594,FALSE
238399,FALSE
910396,FALSE
544474,FALSE
330181,FALSE
930675,FALSE
537092,FALSE
618683,FALSE
957690,FALSE
83281,FALSE
245191,FALSE
220778,FALSE
363488,FALSE
175083,FALSE
613286,FALSE
915775,FALSE
533898,FALSE
144089,FALSE
415088,FALSE
186481,FALSE
1014974,TRUE
964492,FALSE
949284,FALSE
602187,FALSE
40873,FALSE
222875,TRUE
92685,FALSE
66293,FALSE
772576,FALSE
852795,FALSE
114970,FALSE
702685,FALSE
957298,FALSE
363282,FALSE
640086,FALSE
345493,FALSE
273390,FALSE
575786,FALSE
297574,FALSE
687278,FALSE
675097,FALSE
802987,FALSE
680699,FALSE
475895,FALSE
299091,FALSE
859981,FALSE
248099,FALSE
1002485,FALSE
958884,FALSE
828099,FALSE
475792,TRUE
932594,FALSE
847483,FALSE
1221567,FALSE
984472,FALSE
314798,FALSE
289999,FALSE
859879,FALSE
914796,FALSE
979197,TRUE
626679,FALSE
336295,FALSE
82097,FALSE
910994,FALSE
214795,FALSE
871871,FALSE
829573,FALSE
853578,FALSE
164685,FALSE
522276,FALSE
674997,FALSE
861993,FALSE
400486,FALSE
911571,FALSE
556495,FALSE
780085,FALSE
867173,FALSE
425489,FALSE
663982,TRUE
81885,FALSE
2693,FALSE
1006175,FALSE
256786,FALSE
403496,FALSE
176071,FALSE
166081,TRUE
834586,FALSE
681490,FALSE
624590,FALSE
743174,FALSE
49773,FALSE
876175,FALSE
340087,FALSE
372293,FALSE
778587,FALSE
600099,FALSE
655192,FALSE
516293,FALSE
265890,FALSE
735786,FALSE
675480,FALSE
782481,FALSE
202877,FALSE
1016370,FALSE
568489,FALSE
828183,FALSE
637581,FALSE
691583,TRUE
909381,FALSE
504487,FALSE
577799,TRUE
913678,FALSE
824493,FALSE
670681,FALSE
480488,FALSE
173098,FALSE
253981,FALSE
1368882,FALSE
874890,FALSE
33192,FALSE
606970,FALSE
724584,FALSE
816984,TRUE
394482,FALSE
10782,FALSE
333182,FALSE
731573,FALSE
87092,FALSE
81090,FALSE
820897,FALSE
981284,FALSE
538295,FALSE
455280,FALSE
830579,FALSE
151489,FALSE
664194,FALSE
250186,FALSE
458487,FALSE
767095,FALSE
82275,FALSE
944298,FALSE
341299,FALSE
1018918,FALSE
804187,FALSE
975881,FALSE
941699,FALSE
200499,FALSE
151685,FALSE
459297,FALSE
1013379,FALSE
934990,FALSE
957579,FALSE
100393,TRUE
138284,FALSE
42484,FALSE
56678,FALSE
884590,FALSE
427193,FALSE
856289,FALSE
809294,FALSE
334497,FALSE
511793,FALSE
253084,FALSE
596286,TRUE
161394,FALSE
963794,FALSE
593070,FALSE
796488,FALSE
782182,FALSE
746090,FALSE
43098,FALSE
546991,FALSE
172886,FALSE
514785,FALSE
746885,FALSE
650889,FALSE
925680,FALSE
775689,FALSE
695376,FALSE
887199,TRUE
290089,FALSE
372387,FALSE
266682,FALSE
325271,FALSE
704595,FALSE
919175,FALSE
31693,FALSE
305273,FALSE
301770,FALSE
256571,FALSE
275376,FALSE
126393,FALSE
983484,FALSE
1010770,FALSE
952471,FALSE
469184,FALSE
511999,FALSE
316297,FALSE
13082,FALSE
299194,FALSE
752381,FALSE
691994,FALSE
881272,FALSE
223788,FALSE
315487,FALSE
171599,FALSE
61186,FALSE
283997,FALSE
23287,FALSE
364690,TRUE
565899,FALSE
958996,FALSE
562991,FALSE
398088,FALSE
571498,FALSE
859299,TRUE
198185,FALSE
680082,FALSE
884273,FALSE
1758821,FALSE
90485,FALSE
335092,FALSE
758888,FALSE
779696,FALSE
389086,FALSE
387989,FALSE
202194,FALSE
507590,FALSE
292784,FALSE
990688,FALSE
430577,FALSE
399085,FALSE
235099,FALSE
65894,FALSE
371483,TRUE
244783,FALSE
610874,FALSE
240897,FALSE
630395,FALSE
565581,FALSE
884880,FALSE
720483,FALSE
963299,FALSE
7184,FALSE
1012886,FALSE
330079,FALSE
822387,FALSE
230973,FALSE
48570,TRUE
151881,FALSE
583286,FALSE
719692,FALSE
294993,FALSE
389488,FALSE
613697,FALSE
1012895,FALSE
959395,FALSE
315599,FALSE
62080,FALSE
151292,FALSE
670784,FALSE
972282,FALSE
753883,FALSE
708883,FALSE
760274,FALSE
1098,FALSE
88192,FALSE
57693,FALSE
1226076,FALSE
623098,FALSE
280183,FALSE
586278,FALSE
83085,FALSE
931971,FALSE
417886,FALSE
133887,FALSE
365491,FALSE
808886,FALSE
819181,FALSE
841575,FALSE
427791,FALSE
882297,FALSE
920180,FALSE
183677,FALSE
455589,FALSE
101475,FALSE
319672,FALSE
413495,FALSE
262899,FALSE
286895,FALSE
167190,TRUE
885485,FALSE
21180,FALSE
200985,FALSE
282972,FALSE
744078,FALSE
401782,FALSE
814186,FALSE
727482,FALSE
669199,FALSE
331188,FALSE
32896,FALSE
353993,FALSE
123794,FALSE
838995,FALSE
944690,FALSE
193872,FALSE
54898,FALSE
224084,FALSE
929585,FALSE
147099,FALSE
237075,FALSE
124193,FALSE
638690,FALSE
84073,TRUE
521989,FALSE
385284,FALSE
208196,FALSE
736194,TRUE
121398,FALSE
101390,FALSE
307697,TRUE
936097,FALSE
319083,FALSE
25571,TRUE
624086,FALSE
742672,FALSE
46594,FALSE
957391,FALSE
879783,FALSE
656694,TRUE
869485,FALSE
163987,FALSE
150781,FALSE
250391,FALSE
913986,FALSE
938185,FALSE
831772,FALSE
2353009,FALSE
714389,FALSE
794792,FALSE
8695,TRUE
737388,FALSE
306476,FALSE
99086,FALSE
479688,FALSE
217590,FALSE
971089,FALSE
571676,FALSE
864583,FALSE
540579,FALSE
277491,FALSE
710390,TRUE
263476,FALSE
736671,FALSE
779182,TRUE
140670,FALSE
249377,FALSE
269777,FALSE
711490,FALSE
1012475,FALSE
296791,FALSE
738992,FALSE
355296,FALSE
960382,FALSE
396196,FALSE
559898,FALSE
311881,FALSE
883481,FALSE
928784,FALSE
867883,FALSE
584395,FALSE
323781,FALSE
200387,FALSE
177498,FALSE
222594,FALSE
2291,FALSE
41393,FALSE
725684,FALSE
159382,FALSE
491297,FALSE
389992,FALSE
985394,FALSE
37686,FALSE
370477,FALSE
92694,FALSE
477291,FALSE
165589,FALSE
382498,FALSE
117896,FALSE
119881,FALSE
4277,FALSE
527196,FALSE
699570,FALSE
566588,FALSE
264192,FALSE
978686,FALSE
297387,FALSE
22486,FALSE
539498,FALSE
763088,FALSE
895381,FALSE
371184,FALSE
668192,FALSE
5872,FALSE
395498,FALSE
290285,FALSE
685283,FALSE
532592,FALSE
625681,FALSE
130475,FALSE
127073,FALSE
734097,FALSE
460079,FALSE
724089,FALSE
529079,FALSE
978190,FALSE
327882,FALSE
877387,FALSE
940197,FALSE
1883611,FALSE
28787,FALSE
869195,TRUE
721181,FALSE
161684,FALSE
519799,FALSE
273886,FALSE
1015092,FALSE
737191,TRUE
268891,FALSE
105790,FALSE
604873,FALSE
485698,FALSE
77486,FALSE
481373,FALSE
453286,FALSE
317089,FALSE
1007378,FALSE
89199,FALSE
1001086,FALSE
410494,FALSE
635680,FALSE
543972,FALSE
681687,TRUE
131780,FALSE
286475,FALSE
628589,FALSE
580780,FALSE
834997,FALSE
207694,FALSE
60170,FALSE
218092,FALSE
45382,FALSE
522696,FALSE
936592,FALSE
357094,FALSE
216883,FALSE
97578,FALSE
456483,FALSE
501075,FALSE
929987,FALSE
372088,FALSE
156792,FALSE
922483,FALSE
529471,FALSE
524373,FALSE
778475,FALSE
169596,FALSE
946872,FALSE
380588,FALSE
666376,FALSE
875084,FALSE
654476,FALSE
258995,FALSE
483180,FALSE
820673,FALSE
506883,FALSE
484486,FALSE
4286,FALSE
941390,FALSE
733184,FALSE
554987,FALSE
936088,FALSE
999887,FALSE
89096,FALSE
322793,FALSE
40994,FALSE
329381,FALSE
833785,FALSE
402583,FALSE
68297,FALSE
367495,FALSE
444097,FALSE
68699,FALSE
131892,TRUE
976897,FALSE
1016389,FALSE
957485,FALSE
400280,FALSE
504777,FALSE
1875157,FALSE
215484,FALSE
967989,FALSE
240477,FALSE
478597,FALSE
337685,FALSE
603492,FALSE
310192,FALSE
592091,FALSE
122591,TRUE
381295,FALSE
549170,FALSE
74999,FALSE
513087,FALSE
630171,FALSE
64981,FALSE
144388,TRUE
34470,FALSE
1864384,FALSE
703691,FALSE
523282,FALSE
1010378,FALSE
254184,FALSE
924375,FALSE
72098,FALSE
923190,FALSE
480170,FALSE
851695,FALSE
527897,FALSE
542096,FALSE
437080,FALSE
453978,FALSE
873576,FALSE
912998,FALSE
63984,FALSE
744180,FALSE
595195,FALSE
95079,FALSE
932286,FALSE
91688,FALSE
33389,FALSE
141789,FALSE
885177,FALSE
74887,FALSE
223498,FALSE
35392,FALSE
837671,FALSE
31394,FALSE
195791,FALSE
594880,FALSE
732682,FALSE
889296,FALSE
584489,FALSE
147790,FALSE
116488,FALSE
4975021,FALSE
39970,FALSE
881991,FALSE
505989,FALSE
194392,FALSE
648390,FALSE
463883,FALSE
865478,FALSE
722692,FALSE
856878,FALSE
397782,FALSE
67580,FALSE
549787,TRUE
897479,FALSE
662882,FALSE
827690,FALSE
798183,FALSE
214982,FALSE
983596,FALSE
308498,FALSE
346995,FALSE
807085,FALSE
895082,FALSE
879091,FALSE
647281,FALSE
137090,FALSE
673271,FALSE
733791,FALSE
300577,FALSE
760087,FALSE
250083,FALSE
558088,FALSE
787383,FALSE
121996,FALSE
411286,TRUE
892371,FALSE
534587,FALSE
525080,FALSE
112190,FALSE
152691,FALSE
876876,FALSE
373290,FALSE
832087,FALSE
596192,FALSE
97783,FALSE
581871,FALSE
667579,FALSE
457882,FALSE
704492,FALSE
31291,FALSE
279794,FALSE
887274,FALSE
452195,FALSE
891477,FALSE
419684,FALSE
586595,FALSE
406273,FALSE
522883,FALSE
621571,FALSE
380896,FALSE
868778,FALSE
798987,FALSE
868488,FALSE
140090,FALSE
277473,TRUE
273792,FALSE
909886,FALSE
298188,FALSE
337283,FALSE
655080,FALSE
459091,FALSE
94782,FALSE
50993,FALSE
352697,FALSE
530981,FALSE
444190,FALSE
959881,FALSE
802389,FALSE
918589,FALSE
24190,FALSE
53499,FALSE
511579,FALSE
537177,FALSE
85892,FALSE
581291,FALSE
742083,FALSE
608684,FALSE
929491,FALSE
149280,FALSE
887180,FALSE
23184,FALSE
154378,FALSE
227272,FALSE
701080,FALSE
952882,FALSE
793889,FALSE
493385,FALSE
203098,FALSE
769996,FALSE
773984,FALSE
383888,FALSE
794091,TRUE
4452960,TRUE
772697,FALSE
44787,FALSE
959685,FALSE
246497,FALSE
740294,FALSE
136187,FALSE
269085,FALSE
298786,FALSE
25179,FALSE
842684,FALSE
554781,FALSE
883986,FALSE
154097,FALSE
256281,FALSE
360683,TRUE
515782,FALSE
2915845,TRUE
414988,FALSE
1006595,FALSE
419189,FALSE
491578,FALSE
386674,FALSE
935072,FALSE
318189,FALSE
557278,FALSE
409489,FALSE
3017054,FALSE
328496,FALSE
731395,FALSE
117391,FALSE
496975,FALSE
128490,FALSE
627582,FALSE
300399,FALSE
831389,TRUE
113281,FALSE
964081,FALSE
331795,FALSE
391098,FALSE
778091,FALSE
387176,FALSE
430595,FALSE
295589,FALSE
689982,FALSE
742186,FALSE
176295,TRUE
922577,FALSE
775474,FALSE
771887,FALSE
519780,FALSE
978882,FALSE
658791,FALSE
539797,FALSE
792976,FALSE
280893,FALSE
542582,FALSE
400897,FALSE
815398,TRUE
65586,FALSE
18292,FALSE
455084,FALSE
812294,FALSE
30799,FALSE
186490,FALSE
660785,FALSE
702199,FALSE
3235401,FALSE
695189,FALSE
362490,FALSE
7287,FALSE
1003398,FALSE
928177,FALSE
859682,FALSE
977090,FALSE
35794,FALSE
717595,FALSE
805184,FALSE
120298,FALSE
416599,FALSE
618197,FALSE
683784,FALSE
950486,FALSE
825771,FALSE
109592,FALSE
789387,FALSE
651596,FALSE
234784,FALSE
509772,FALSE
899286,FALSE
159588,FALSE
576587,FALSE
363590,FALSE
600286,FALSE
981882,FALSE
920395,FALSE
790589,FALSE
22682,FALSE
250298,FALSE
284378,FALSE
546188,FALSE
377784,FALSE
1223114,FALSE
154686,FALSE
1018534,FALSE
202381,FALSE
903473,TRUE
641391,FALSE
991096,FALSE
777982,FALSE
5292,FALSE
797672,FALSE
954587,FALSE
692777,FALSE
851387,FALSE
492995,FALSE
179090,FALSE
190787,FALSE
429580,FALSE
884189,FALSE
783282,FALSE
101091,FALSE
110785,FALSE
4811259,FALSE
89881,FALSE
18890,TRUE
909390,FALSE
925970,FALSE
286091,FALSE
88790,FALSE
201393,FALSE
648895,FALSE
914992,FALSE
73796,FALSE
551883,TRUE
611198,FALSE
1013089,FALSE
570875,FALSE
672292,FALSE
767787,FALSE
22972,TRUE
521680,FALSE
811372,FALSE
559384,FALSE
189679,FALSE
18788,FALSE
568395,FALSE
12898,FALSE
847689,FALSE
777973,FALSE
597087,TRUE
127886,FALSE
295075,FALSE
725787,FALSE
963682,FALSE
278797,FALSE
968977,FALSE
472483,FALSE
17987,TRUE
306681,FALSE
612793,TRUE
539489,FALSE
892894,FALSE
23380,FALSE
523385,FALSE
224785,FALSE
699299,FALSE
147286,FALSE
22196,FALSE
99291,FALSE
792,FALSE
391481,FALSE
443380,FALSE
834371,FALSE
495987,FALSE
63872,FALSE
146971,FALSE
269487,FALSE
98771,FALSE
921794,FALSE
371791,TRUE
336688,FALSE
823384,FALSE
312691,FALSE
967372,FALSE
38094,FALSE
239985,FALSE
462596,FALSE
628981,TRUE
4080,FALSE
837596,FALSE
55288,FALSE
792695,FALSE
6093,FALSE
374895,FALSE
240486,TRUE
923686,FALSE
559674,FALSE
49988,FALSE
810870,FALSE
248875,FALSE
178383,FALSE
284480,FALSE
794484,FALSE
377083,FALSE
486471,FALSE
952284,FALSE
521699,FALSE
973186,FALSE
493282,FALSE
44992,FALSE
849991,FALSE
547989,FALSE
157191,FALSE
957092,FALSE
281498,FALSE
513498,TRUE
759894,FALSE
253682,FALSE
494289,FALSE
770479,FALSE
346182,FALSE
845788,FALSE
783693,FALSE
545284,FALSE
326380,FALSE
663898,FALSE
944494,FALSE
451479,FALSE
737575,FALSE
664699,FALSE
232098,FALSE
993698,FALSE
497691,FALSE
505792,FALSE
716691,FALSE
569682,FALSE
101073,FALSE
966393,FALSE
845470,FALSE
463593,FALSE
326876,FALSE
114390,FALSE
241885,FALSE
592596,FALSE
47788,FALSE
682572,FALSE
811091,FALSE
644598,FALSE
817093,FALSE
611488,FALSE
129497,FALSE
192491,FALSE
561172,FALSE
964090,FALSE
444396,FALSE
212689,FALSE
317397,FALSE
964885,FALSE
417774,FALSE
931597,FALSE
706580,FALSE
852281,FALSE
800880,FALSE
327480,FALSE
471383,FALSE
117083,FALSE
372695,FALSE
905383,TRUE
537681,FALSE
52773,FALSE
287388,FALSE
757096,FALSE
194598,FALSE
969581,FALSE
121875,FALSE
164292,FALSE
296483,FALSE
110794,FALSE
589297,FALSE
461580,FALSE
47881,FALSE
670391,FALSE
316091,FALSE
795294,FALSE
560586,FALSE
1000977,FALSE
969394,FALSE
757975,FALSE
923480,FALSE
69687,FALSE
197889,FALSE
214580,FALSE
932482,FALSE
294087,TRUE
408987,FALSE
267090,FALSE
988797,FALSE
549992,FALSE
795995,FALSE
621991,FALSE
530196,FALSE
195090,FALSE
101381,FALSE
31992,FALSE
854593,FALSE
329998,FALSE
816591,FALSE
882578,FALSE
106685,TRUE
380373,FALSE
999588,FALSE
967699,FALSE
134781,FALSE
399898,FALSE
866783,FALSE
226891,FALSE
257475,FALSE
456782,FALSE
455495,FALSE
211981,FALSE
782696,FALSE
728180,FALSE
196873,FALSE
272076,FALSE
470788,FALSE
694986,FALSE
133186,FALSE
655884,TRUE
292485,FALSE
243777,FALSE
177890,FALSE
357393,FALSE
520188,FALSE
238296,FALSE
685797,FALSE
454180,FALSE
25281,FALSE
345680,TRUE
55091,FALSE
250681,FALSE
386889,FALSE
350488,FALSE
605898,FALSE
370187,FALSE
598570,FALSE
169381,FALSE
396682,FALSE
609270,FALSE
744386,FALSE
810982,FALSE
440996,FALSE
621487,TRUE
388771,FALSE
308180,FALSE
196387,FALSE
368885,FALSE
844697,FALSE
388883,FALSE
129170,FALSE
341477,FALSE
778185,FALSE
940188,FALSE
534680,FALSE
1013397,FALSE
222576,FALSE
50377,FALSE
752587,FALSE
184393,FALSE
65278,FALSE
435394,FALSE
719094,FALSE
585084,FALSE
438890,FALSE
615299,FALSE
201674,TRUE
1012194,FALSE
805492,FALSE
419291,FALSE
89292,FALSE
845395,TRUE
422693,FALSE
930376,FALSE
887881,FALSE
603296,FALSE
656788,FALSE
581385,FALSE
43089,FALSE
699990,FALSE
763695,FALSE
453697,FALSE
601489,FALSE
380289,FALSE
2381002,FALSE
517384,FALSE
414773,FALSE
822471,FALSE
679581,FALSE
912783,FALSE
237888,FALSE
581572,FALSE
153894,FALSE
89386,FALSE
496685,FALSE
413879,FALSE
304285,FALSE
960298,FALSE
798491,FALSE
578291,FALSE
965976,FALSE
7979,FALSE
690483,FALSE
368670,FALSE
381978,FALSE
670971,FALSE
107897,FALSE
827391,FALSE
193591,FALSE
261294,TRUE
1018897,FALSE
1008085,FALSE
620994,FALSE
604293,FALSE
50180,FALSE
98799,FALSE
283876,TRUE
272281,FALSE
737696,FALSE
690885,FALSE
271396,FALSE
904984,FALSE
527589,FALSE
141097,FALSE
146681,FALSE
231484,FALSE
504898,FALSE
1016884,FALSE
2619723,FALSE
520571,FALSE
699794,FALSE
870481,FALSE
854995,FALSE
837484,FALSE
399777,FALSE
289074,FALSE
213985,FALSE
797887,FALSE
212782,FALSE
275778,FALSE
397595,FALSE
400299,TRUE
56276,FALSE
62790,FALSE
142290,FALSE
190693,FALSE
177395,FALSE
168384,FALSE
222697,FALSE
739083,FALSE
962274,FALSE
133896,FALSE
190992,FALSE
267698,FALSE
688396,FALSE
823674,FALSE
21993,FALSE
219183,FALSE
194981,FALSE
845096,FALSE
749194,FALSE
525790,FALSE
650683,FALSE
603483,FALSE
829498,FALSE
508887,FALSE
948296,FALSE
1002597,FALSE
457499,FALSE
368371,FALSE
94090,FALSE
828893,FALSE
330284,FALSE
385499,FALSE
514495,FALSE
385592,FALSE
626099,FALSE
106171,FALSE
368894,FALSE
963392,FALSE
19495,FALSE
787981,FALSE
1005598,FALSE
601283,FALSE
486592,FALSE
836889,FALSE
811587,FALSE
646798,FALSE
910181,FALSE
635484,FALSE
258490,FALSE
500573,FALSE
321497,TRUE
713494,FALSE
895390,FALSE
109499,FALSE
951698,FALSE
751692,FALSE
930189,FALSE
324078,FALSE
172792,FALSE
214487,FALSE
63283,FALSE
148096,TRUE
613398,FALSE
995580,FALSE
510581,FALSE
864985,FALSE
342193,FALSE
1189117,FALSE
807692,FALSE
578282,FALSE
633387,FALSE
340498,FALSE
848592,TRUE
542180,FALSE
732093,FALSE
819770,FALSE
169989,FALSE
760573,FALSE
758299,FALSE
2561952,TRUE
831491,FALSE
157481,TRUE
840989,FALSE
991591,FALSE
838687,FALSE
188186,FALSE
244989,FALSE
303596,FALSE
713485,FALSE
529293,TRUE
3605022,TRUE
943796,FALSE
290182,FALSE
443595,FALSE
239695,FALSE
125378,TRUE
437491,FALSE
80785,FALSE
327088,TRUE
587592,FALSE
29588,FALSE
5171,FALSE
347778,FALSE
619194,FALSE
676197,FALSE
56780,FALSE
14070,FALSE
197580,FALSE
632670,FALSE
265788,FALSE
385097,FALSE
275581,FALSE
13279,FALSE
377672,FALSE
281797,FALSE
424790,FALSE
309486,FALSE
1888269,FALSE
879886,FALSE
814690,FALSE
501383,FALSE
810197,FALSE
842581,FALSE
660990,FALSE
217376,TRUE
988591,FALSE
575290,FALSE
6682,FALSE
54571,TRUE
395591,FALSE
266075,FALSE
269982,FALSE
465177,FALSE
351672,TRUE
506191,FALSE
1892,TRUE
177797,FALSE
136981,FALSE
238193,FALSE
341383,FALSE
148797,FALSE
539274,FALSE
721789,FALSE
762689,FALSE
100692,FALSE
273082,FALSE
896285,FALSE
421285,FALSE
135489,TRUE
895680,FALSE
473798,FALSE
432094,FALSE
913490,FALSE
762791,FALSE
537784,FALSE
794783,FALSE
294395,FALSE
22570,FALSE
832386,FALSE
548977,FALSE
580696,FALSE
359089,FALSE
378585,TRUE
685096,FALSE
444592,FALSE
1007387,FALSE
159896,FALSE
37471,FALSE
962797,FALSE
971977,FALSE
2507491,FALSE
794390,FALSE
589185,FALSE
942490,FALSE
749475,FALSE
3095593,FALSE
260091,FALSE
145497,FALSE
731975,FALSE
52193,FALSE
681191,FALSE
763976,TRUE
857772,TRUE
973775,FALSE
945286,TRUE
909774,FALSE
389796,FALSE
946283,FALSE
490889,FALSE
928298,FALSE
988975,FALSE
195380,FALSE
926799,FALSE
509893,FALSE
788399,FALSE
135993,FALSE
210797,FALSE
940580,FALSE
391780,FALSE
948586,FALSE
10081,FALSE
933498,TRUE
169082,FALSE
867285,FALSE
1226544,FALSE
3828401,FALSE
508980,FALSE
318796,FALSE
694883,FALSE
697286,FALSE
398695,FALSE
405397,FALSE
104980,FALSE
839693,FALSE
442495,FALSE
314088,FALSE
489098,FALSE
370990,FALSE
383093,FALSE
576792,FALSE
414287,FALSE
719786,FALSE
218793,FALSE
848891,FALSE
391584,FALSE
628075,FALSE
10492,FALSE
1010284,FALSE
9375,FALSE
308975,FALSE
598785,FALSE
554099,TRUE
228886,TRUE
6486,TRUE
406086,FALSE
669395,FALSE
85799,TRUE
899781,FALSE
689487,FALSE
863988,FALSE
93374,TRUE
402284,FALSE
1003174,FALSE
852393,FALSE
25197,FALSE
710587,FALSE
143194,FALSE
682684,FALSE
859477,FALSE
175793,FALSE
1417931,TRUE
297190,FALSE
980698,FALSE
542890,FALSE
278984,FALSE
942481,FALSE
493497,TRUE
1017975,FALSE
933694,FALSE
825379,FALSE
825593,FALSE
363385,FALSE
996297,FALSE
741385,FALSE
147875,FALSE
288787,FALSE
404998,FALSE
334796,FALSE
674072,FALSE
823795,FALSE
100683,FALSE
796787,FALSE
146784,FALSE
322980,FALSE
511485,FALSE
702975,FALSE
241670,FALSE
252283,FALSE
565880,FALSE
690670,FALSE
884282,FALSE
278591,FALSE
673299,FALSE
3353985,TRUE
298599,FALSE
258481,FALSE
382078,FALSE
401689,FALSE
801597,FALSE
642389,FALSE
947392,FALSE
936387,FALSE
201973,FALSE
510778,FALSE
526993,FALSE
408893,FALSE
300380,FALSE
206183,FALSE
87887,FALSE
435675,FALSE
251688,FALSE
162382,FALSE
47694,FALSE
784476,FALSE
721480,FALSE
910891,FALSE
751085,FALSE
972189,FALSE
174899,FALSE
835284,FALSE
975078,FALSE
231877,FALSE
20071,FALSE
761486,TRUE
615383,FALSE
461496,FALSE
590686,FALSE
437987,FALSE
492285,FALSE
281582,FALSE
705891,FALSE
53097,FALSE
249395,FALSE
630984,FALSE
722384,FALSE
141480,FALSE
630788,FALSE
225090,FALSE
1226777,FALSE
378576,FALSE
597498,FALSE
732879,FALSE
942977,FALSE
684295,FALSE
949471,TRUE
863586,FALSE
798790,FALSE
661380,FALSE
50694,FALSE
384483,FALSE
378389,FALSE
533487,FALSE
632380,TRUE
1006894,FALSE
367299,FALSE
572093,FALSE
216089,FALSE
691686,TRUE
746595,TRUE
546571,FALSE
907275,FALSE
703477,FALSE
902579,FALSE
494186,FALSE
148498,FALSE
335382,FALSE
181299,FALSE
56892,FALSE
345783,FALSE
725095,FALSE
387082,FALSE
47292,FALSE
419282,FALSE
987080,FALSE
14874,FALSE
238595,FALSE
289887,FALSE
543084,FALSE
790879,FALSE
607472,FALSE
1016482,TRUE
937094,FALSE
945978,FALSE
344478,FALSE
390578,FALSE
590499,FALSE
23474,FALSE
194383,FALSE
315580,TRUE
608983,FALSE
198970,FALSE
181187,FALSE
993371,FALSE
631075,FALSE
752493,FALSE
354981,FALSE
549385,FALSE
340489,FALSE
19879,FALSE
562889,FALSE
192884,FALSE
370392,FALSE
897787,FALSE
553195,FALSE
228185,FALSE
124287,FALSE
601975,FALSE
437772,FALSE
918374,FALSE
552572,FALSE
996381,FALSE
663094,FALSE
120784,FALSE
920993,FALSE
2872694,FALSE
1089,FALSE
568274,FALSE
947495,FALSE
785697,FALSE
567594,FALSE
485193,FALSE
97176,FALSE
157397,FALSE
120195,FALSE
220394,FALSE
591094,FALSE
237598,FALSE
234999,FALSE
52492,TRUE
858984,FALSE
488484,FALSE
692085,FALSE
591384,FALSE
394398,FALSE
139281,FALSE
836076,FALSE
324582,FALSE
248594,FALSE
999083,FALSE
816470,FALSE
448590,FALSE
974491,FALSE
883070,FALSE
868684,FALSE
107075,FALSE
878393,FALSE
426392,FALSE
289681,FALSE
103899,FALSE
817691,FALSE
261490,FALSE
465092,FALSE
191074,FALSE
221793,FALSE
96487,FALSE
1007798,FALSE
85696,FALSE
364588,TRUE
750770,FALSE
19691,FALSE
948090,FALSE
506584,TRUE
540896,FALSE
22794,FALSE
969871,FALSE
479585,FALSE
761084,FALSE
755494,FALSE
837297,TRUE
405089,FALSE
846682,FALSE
605599,FALSE
97895,FALSE
680877,FALSE
463089,FALSE
577593,FALSE
911889,FALSE
343284,FALSE
700878,TRUE
872494,FALSE
976486,FALSE
651082,FALSE
827887,FALSE
936686,FALSE
761879,FALSE
190796,FALSE
431592,TRUE
268592,FALSE
460293,FALSE
625784,FALSE
256683,FALSE
207573,FALSE
651475,FALSE
31871,FALSE
595999,FALSE
682291,FALSE
115472,FALSE
175980,FALSE
153988,FALSE
297181,FALSE
798099,FALSE
973382,FALSE
237682,FALSE
112592,TRUE
458795,FALSE
454096,FALSE
318778,FALSE
265591,FALSE
553980,FALSE
885887,FALSE
713092,FALSE
986980,FALSE
926472,FALSE
53798,FALSE
237196,FALSE
1017395,FALSE
146485,FALSE
650272,FALSE
117382,FALSE
962489,FALSE
378099,FALSE
208990,FALSE
669676,FALSE
491381,FALSE
776985,FALSE
612672,TRUE
961295,TRUE
136598,FALSE
90999,FALSE
765671,FALSE
4935191,FALSE
308489,FALSE
479978,FALSE
281180,FALSE
499882,FALSE
689496,FALSE
238791,FALSE
611086,FALSE
692487,FALSE
546683,FALSE
1001880,TRUE
316792,FALSE
458272,FALSE
137278,FALSE
884086,FALSE
42680,FALSE
114998,FALSE
633284,FALSE
459381,FALSE
6897,TRUE
669096,FALSE
230674,FALSE
467180,FALSE
834081,FALSE
222893,FALSE
385882,FALSE
324984,FALSE
49072,FALSE
946180,FALSE
604994,FALSE
886482,FALSE
319270,FALSE
713896,FALSE
717380,FALSE
141994,FALSE
325691,FALSE
347497,FALSE
4697,FALSE
179689,FALSE
406693,FALSE
426093,FALSE
963598,FALSE
705088,FALSE
601386,FALSE
117270,FALSE
825285,FALSE
573988,FALSE
668594,FALSE
6888,FALSE
630180,FALSE
492892,FALSE
820794,FALSE
726391,FALSE
110477,FALSE
835976,FALSE
738778,FALSE
410784,FALSE
813086,FALSE
641289,FALSE
55989,FALSE
915588,TRUE
607995,FALSE
39587,FALSE
138172,FALSE
725385,FALSE
278498,FALSE
356190,FALSE
112387,FALSE
443483,FALSE
581590,TRUE
699178,FALSE
251389,FALSE
208589,FALSE
451497,FALSE
744788,FALSE
737874,FALSE
123084,FALSE
334880,TRUE
797971,FALSE
64495,FALSE
196499,FALSE
768896,FALSE
580276,FALSE
770983,FALSE
978770,FALSE
734293,FALSE
500171,FALSE
315898,TRUE
1015083,FALSE
325486,FALSE
324779,FALSE
851190,FALSE
141985,FALSE
648680,FALSE
706290,FALSE
618599,FALSE
1356012,FALSE
130783,FALSE
534783,FALSE
642594,FALSE
818689,FALSE
993586,FALSE
219286,FALSE
563390,FALSE
925082,FALSE
92386,FALSE
751889,FALSE
90391,FALSE
350394,FALSE
192679,FALSE
287089,FALSE
162494,TRUE
438797,FALSE
26998,FALSE
141396,FALSE
532994,FALSE
899295,FALSE
97596,FALSE
161086,TRUE
547998,FALSE
625476,FALSE
132497,FALSE
209184,FALSE
74382,FALSE
656489,FALSE
238090,FALSE
935773,FALSE
641681,FALSE
114680,FALSE
343686,FALSE
153380,FALSE
614199,FALSE
630685,FALSE
518895,FALSE
301190,FALSE
360599,FALSE
730772,FALSE
231699,FALSE
93981,FALSE
274874,FALSE
191887,FALSE
3980,FALSE
331683,FALSE
858274,FALSE
579887,FALSE
552880,FALSE
772183,FALSE
719496,FALSE
218597,FALSE
301293,TRUE
5283,FALSE
280295,TRUE
706076,FALSE
16083,FALSE
954970,FALSE
372480,FALSE
119377,FALSE
271695,FALSE
423092,TRUE
489191,FALSE
794671,TRUE
109387,TRUE
896191,TRUE
3805055,FALSE
530084,FALSE
428686,FALSE
602682,FALSE
764281,FALSE
727183,TRUE
857295,FALSE
322588,FALSE
530794,FALSE
194691,FALSE
687997,FALSE
776686,FALSE
401577,FALSE
878674,FALSE
871282,FALSE
37079,FALSE
826394,FALSE
622998,FALSE
150174,FALSE
508177,FALSE
80972,FALSE
362780,FALSE
770497,FALSE
113982,FALSE
368090,FALSE
506098,FALSE
942584,FALSE
334992,FALSE
701370,FALSE
864891,FALSE
50685,FALSE
963383,FALSE
74579,FALSE
876081,FALSE
69771,FALSE
306289,FALSE
433783,FALSE
745196,FALSE
26886,FALSE
465186,FALSE
974697,FALSE
581992,FALSE
704371,FALSE
258687,FALSE
97699,FALSE
766874,FALSE
592783,FALSE
408286,FALSE
852599,FALSE
116899,FALSE
871479,FALSE
64776,FALSE
218690,FALSE
385985,FALSE
961192,TRUE
611684,TRUE
635091,FALSE
280192,FALSE
492883,FALSE
89685,FALSE
981480,FALSE
553597,FALSE
981891,FALSE
133476,FALSE
441993,FALSE
921776,FALSE
1017087,FALSE
955771,FALSE
688994,FALSE
893574,FALSE
737098,FALSE
378482,FALSE
576783,FALSE
787691,FALSE
81689,FALSE
74793,FALSE
996091,TRUE
451581,FALSE
113580,FALSE
568788,FALSE
224888,FALSE
931289,FALSE
112994,FALSE
951979,FALSE
71091,FALSE
66994,FALSE
608899,FALSE
925578,FALSE
209885,FALSE
215895,FALSE
281489,FALSE
890685,FALSE
594796,FALSE
117579,FALSE
420886,FALSE
219295,FALSE
860491,FALSE
817187,FALSE
699392,FALSE
591683,FALSE
147688,FALSE
456894,FALSE
516592,FALSE
345185,FALSE
747284,FALSE
215297,FALSE
396187,FALSE
285197,FALSE
378875,TRUE
835499,FALSE
681986,FALSE
441274,FALSE
673691,FALSE
53387,FALSE
2094151,FALSE
562496,FALSE
696971,FALSE
3223921,FALSE
427380,FALSE
664895,FALSE
551098,FALSE
521194,FALSE
504580,FALSE
124483,FALSE
111090,FALSE
497990,FALSE
1004890,FALSE
1009587,FALSE
12982,FALSE
929099,FALSE
612083,FALSE
262974,FALSE
723886,FALSE
84596,FALSE
234588,FALSE
882699,FALSE
852384,FALSE
86590,FALSE
605580,TRUE
680886,FALSE
795388,FALSE
945389,FALSE
501299,FALSE
249797,FALSE
291086,FALSE
437192,FALSE
567585,FALSE
48691,FALSE
4373579,FALSE
666581,FALSE
972684,FALSE
351382,FALSE
905280,FALSE
780991,FALSE
680091,FALSE
521998,FALSE
460097,FALSE
457798,FALSE
144472,FALSE
352781,FALSE
272777,FALSE
540971,FALSE
207975,FALSE
657794,FALSE
978097,FALSE
963280,FALSE
201384,FALSE
626192,FALSE
472988,FALSE
615981,FALSE
606297,FALSE
456380,FALSE
84783,FALSE
888187,FALSE
231176,FALSE
849889,FALSE
379096,FALSE
678892,FALSE
374372,FALSE
840792,FALSE
108689,FALSE
908870,FALSE
690492,FALSE
478588,FALSE
174787,FALSE
559094,FALSE
195997,FALSE
683775,TRUE
970091,FALSE
386982,FALSE
914590,FALSE
831697,FALSE
33080,FALSE
98995,TRUE
478391,FALSE
832694,FALSE
557595,FALSE
645184,FALSE
364681,FALSE
721088,FALSE
138882,FALSE
176491,FALSE
166278,FALSE
237776,FALSE
492780,FALSE
254595,FALSE
405687,FALSE
661782,FALSE
244082,TRUE
506070,FALSE
507291,FALSE
455187,FALSE
1001983,FALSE
654289,FALSE
847586,FALSE
784887,FALSE
734499,FALSE
656872,FALSE
303381,TRUE
25085,TRUE
348485,FALSE
301396,FALSE
897684,FALSE
265087,FALSE
359182,FALSE
278377,FALSE
738198,FALSE
235286,FALSE
595793,FALSE
958585,FALSE
628598,FALSE
584591,FALSE
632184,FALSE
219174,FALSE
84998,FALSE
322083,FALSE
575188,FALSE
595186,FALSE
982281,FALSE
208075,FALSE
563970,FALSE
440585,FALSE
2071666,FALSE
976598,FALSE
924487,FALSE
968388,FALSE
27388,FALSE
41991,FALSE
752596,TRUE
74177,FALSE
415789,FALSE
217983,FALSE
536675,FALSE
120681,FALSE
423289,FALSE
744283,FALSE
814588,FALSE
519388,FALSE
447397,FALSE
604097,FALSE
399599,FALSE
589578,FALSE
582074,TRUE
673570,FALSE
576895,FALSE
318291,FALSE
662396,FALSE
727987,FALSE
361699,FALSE
877378,FALSE
132394,FALSE
698096,FALSE
720791,TRUE
465485,FALSE
783488,FALSE
272991,FALSE
897590,FALSE
1006380,FALSE
945295,FALSE
259385,FALSE
404680,FALSE
593397,FALSE
275590,FALSE
1018150,FALSE
629595,FALSE
434593,FALSE
78072,FALSE
700092,FALSE
1018271,FALSE
491783,FALSE
739289,FALSE
157986,FALSE
272786,FALSE
923181,FALSE
198390,FALSE
171889,FALSE
237477,FALSE
95293,FALSE
663683,FALSE
321479,FALSE
592680,FALSE
36698,FALSE
621795,FALSE
535191,FALSE
589699,FALSE
548481,FALSE
610995,FALSE
331991,FALSE
1008692,TRUE
895372,FALSE
710596,FALSE
935492,FALSE
999485,FALSE
950888,FALSE
187282,FALSE
244792,FALSE
395573,FALSE
1015074,FALSE
116376,FALSE
244279,FALSE
482277,FALSE
360272,FALSE
554978,FALSE
908290,FALSE
672881,FALSE
170873,FALSE
664680,FALSE
943394,FALSE
503172,TRUE
375780,FALSE
318077,FALSE
211280,FALSE
91286,FALSE
172587,FALSE
207292,FALSE
336286,FALSE
497477,FALSE
388490,FALSE
91893,FALSE
1868850,FALSE
78287,FALSE
297686,FALSE
833299,FALSE
71596,FALSE
77495,FALSE
443773,FALSE
4457536,FALSE
724490,FALSE
879989,TRUE
939388,FALSE
220590,TRUE
548799,FALSE
786975,TRUE
1016781,FALSE
274098,FALSE
474692,FALSE
146690,FALSE
181682,FALSE
119180,FALSE
2489449,TRUE
519687,FALSE
400084,TRUE
874470,FALSE
465999,FALSE
278087,FALSE
10586,FALSE
497280,FALSE
562683,TRUE
235491,FALSE
311292,FALSE
1014796,FALSE
425797,FALSE
314284,FALSE
72070,FALSE
429889,FALSE
7278,FALSE
311274,FALSE
715078,FALSE
865197,FALSE
127475,TRUE
607294,FALSE
524775,FALSE
438881,FALSE
982599,FALSE
314097,FALSE
212586,TRUE
391285,FALSE
188690,FALSE
303185,FALSE
461487,FALSE
900584,FALSE
688172,FALSE
303484,FALSE
614890,FALSE
854687,FALSE
104681,FALSE
874984,FALSE
811989,FALSE
417082,FALSE
229892,TRUE
448077,FALSE
358475,FALSE
535593,FALSE
699383,FALSE
74980,FALSE
518774,FALSE
446185,FALSE
766892,FALSE
788184,FALSE
756295,FALSE
616894,FALSE
631196,FALSE
392198,TRUE
645894,FALSE
394585,FALSE
371193,FALSE
508690,FALSE
171777,FALSE
485184,TRUE
368988,FALSE
613875,FALSE
419590,FALSE
622596,FALSE
601881,FALSE
138190,FALSE
709778,FALSE
239574,FALSE
456492,FALSE
307987,FALSE
218672,FALSE
656582,FALSE
520487,FALSE
52782,FALSE
212193,FALSE
820383,FALSE
330789,FALSE
131098,FALSE
1223525,FALSE
575795,FALSE
803489,FALSE
195483,FALSE
177180,FALSE
121389,FALSE
396888,FALSE
276896,TRUE
281890,FALSE
655286,FALSE
186883,FALSE
286073,TRUE
689777,FALSE
435899,FALSE
2198,FALSE
306597,FALSE
426673,FALSE
305198,FALSE
274995,FALSE
7997,FALSE
369976,FALSE
421780,FALSE
811185,FALSE
593089,FALSE
425180,FALSE
385181,FALSE
834885,FALSE
744984,FALSE
3450754,TRUE
153997,FALSE
478887,FALSE
414081,FALSE
80888,FALSE
472782,FALSE
57992,TRUE
439477,FALSE
684996,FALSE
827476,FALSE
924384,FALSE
635279,FALSE
363693,FALSE
752475,FALSE
3176399,FALSE
6981,FALSE
632791,FALSE
948175,FALSE
103974,FALSE
667382,FALSE
792499,FALSE
285991,FALSE
39176,FALSE
811194,FALSE
83683,FALSE
682086,FALSE
769295,FALSE
208682,FALSE
484897,TRUE
838799,FALSE
778194,FALSE
450098,FALSE
723390,FALSE
445991,FALSE
285085,FALSE
153586,FALSE
769183,FALSE
701772,FALSE
705592,FALSE
219594,FALSE
156774,FALSE
657196,FALSE
935988,FALSE
104195,FALSE
150893,FALSE
986681,FALSE
802071,FALSE
6374,FALSE
111483,FALSE
785688,TRUE
1011889,FALSE
419992,FALSE
944083,FALSE
455673,FALSE
576493,FALSE
757797,FALSE
1176199,FALSE
251482,FALSE
765792,FALSE
80196,FALSE
438395,TRUE
772389,FALSE
614395,FALSE
4194765,TRUE
629287,FALSE
373898,FALSE
72584,FALSE
451189,FALSE
240084,TRUE
510693,TRUE
752176,FALSE
970774,FALSE
243197,FALSE
1003790,FALSE
694995,FALSE
336080,FALSE
460471,FALSE
491970,FALSE
373795,FALSE
578684,FALSE
937982,FALSE
564874,FALSE
939285,FALSE
301583,FALSE
910190,FALSE
971276,FALSE
216780,FALSE
734976,FALSE
339193,FALSE
513199,FALSE
676384,FALSE
878281,FALSE
722281,FALSE
681098,FALSE
789097,FALSE
757199,FALSE
807795,FALSE
557577,FALSE
312280,FALSE
889586,FALSE
679572,FALSE
358998,FALSE
868590,FALSE
617882,FALSE
441096,FALSE
265993,FALSE
939191,FALSE
100188,FALSE
832975,FALSE
162980,TRUE
49586,FALSE
229584,FALSE
759698,FALSE
400383,FALSE
492182,FALSE
827177,FALSE
41795,FALSE
987286,FALSE
612971,FALSE
442691,FALSE
985992,FALSE
338981,FALSE
560979,FALSE
384885,FALSE
352183,FALSE
773180,FALSE
724397,FALSE
692076,FALSE
972983,TRUE
169279,FALSE
1012998,FALSE
337395,FALSE
372976,FALSE
203799,FALSE
831071,FALSE
193283,FALSE
353890,FALSE
562786,FALSE
302094,FALSE
742588,FALSE
956880,TRUE
345886,FALSE
984191,FALSE
436298,FALSE
1001077,FALSE
1000575,FALSE
217095,FALSE
243487,FALSE
99189,FALSE
8686,FALSE
850081,FALSE
922689,FALSE
164171,FALSE
96889,FALSE
508999,FALSE
914488,FALSE
524186,FALSE
112789,FALSE
594590,FALSE
115584,FALSE
601694,FALSE
458674,FALSE
945688,FALSE
576390,FALSE
719384,FALSE
856186,FALSE
126197,FALSE
991292,FALSE
423485,FALSE
456689,FALSE
960579,FALSE
754787,FALSE
574088,FALSE
155085,FALSE
640497,FALSE
161983,FALSE
965396,FALSE
425984,FALSE
61074,FALSE
847782,FALSE
150491,TRUE
747891,FALSE
37994,FALSE
902980,FALSE
651989,FALSE
685582,FALSE
656395,FALSE
212081,FALSE
56799,TRUE
878795,FALSE
475091,FALSE
183882,FALSE
348083,FALSE
148890,FALSE
38580,FALSE
344692,FALSE
158291,FALSE
937487,FALSE
1013986,FALSE
169680,FALSE
680194,FALSE
591599,FALSE
461188,FALSE
525996,FALSE
555180,FALSE
917890,FALSE
145992,FALSE
34984,FALSE
417372,FALSE
478494,FALSE
226499,FALSE
225380,FALSE
73189,FALSE
984388,FALSE
597199,FALSE
708584,FALSE
501981,FALSE
178682,FALSE
433194,FALSE
724986,FALSE
32775,FALSE
99497,FALSE
361176,FALSE
609690,FALSE
393298,FALSE
294386,FALSE
555292,FALSE
617583,FALSE
188494,FALSE
463481,TRUE
733090,FALSE
797298,FALSE
127493,FALSE
325187,FALSE
641793,FALSE
8592,FALSE
436878,FALSE
503994,FALSE
547596,FALSE
323594,FALSE
134482,FALSE
205391,FALSE
786984,FALSE
290490,FALSE
559580,FALSE
114279,FALSE
20398,FALSE
842394,FALSE
103394,FALSE
713887,FALSE
404578,FALSE
989383,FALSE
65287,FALSE
450089,FALSE
561583,FALSE
894991,FALSE
761682,FALSE
949480,FALSE
59277,FALSE
562795,FALSE
1995,FALSE
425993,FALSE
272795,FALSE
445683,FALSE
85678,FALSE
144584,FALSE
346173,FALSE
453781,FALSE
726588,FALSE
899987,FALSE
546870,FALSE
561994,FALSE
775483,FALSE
345699,FALSE
70786,FALSE
320575,FALSE
1019568,FALSE
468383,FALSE
108483,FALSE
367075,TRUE
937870,FALSE
309682,FALSE
422282,FALSE
607285,FALSE
425788,FALSE
506089,FALSE
863885,FALSE
952181,FALSE
18582,FALSE
162588,FALSE
940786,FALSE
746689,FALSE
681294,FALSE
6383,FALSE
879877,FALSE
286680,FALSE
326296,FALSE
12188,FALSE
188597,FALSE
421089,TRUE
260288,FALSE
194084,FALSE
922081,FALSE
520290,FALSE
834791,TRUE
648484,FALSE
658296,FALSE
379890,FALSE
317995,FALSE
54094,FALSE
854098,FALSE
671996,FALSE
483591,FALSE
293389,FALSE
587583,FALSE
25870,FALSE
793683,FALSE
571386,FALSE
1008571,TRUE
995179,FALSE
167583,FALSE
184571,FALSE
548276,TRUE
798875,FALSE
290986,FALSE
822882,TRUE
753771,FALSE
234074,FALSE
61485,FALSE
2394,FALSE
7689,FALSE
118099,FALSE
791399,FALSE
656984,FALSE
692384,FALSE
172279,FALSE
953786,FALSE
794699,FALSE
205887,FALSE
519977,TRUE
2342816,TRUE
745271,FALSE
211589,FALSE
245388,FALSE
338392,FALSE
423793,FALSE
825780,FALSE
135395,TRUE
448693,FALSE
737986,FALSE
870089,FALSE
529994,TRUE
45971,FALSE
652883,FALSE
901394,FALSE
67692,FALSE
4595522,FALSE
117485,FALSE
139375,FALSE
573586,FALSE
479295,FALSE
677989,FALSE
762287,FALSE
202475,FALSE
619774,FALSE
161291,FALSE
268190,FALSE
674698,FALSE
914693,FALSE
634290,FALSE
846084,FALSE
1226311,FALSE
331889,FALSE
868880,FALSE
495295,FALSE
608198,FALSE
11480,FALSE
767385,FALSE
32092,FALSE
68082,FALSE
994882,FALSE
366573,FALSE
606989,FALSE
995991,FALSE
233282,FALSE
263588,FALSE
1017573,FALSE
84989,FALSE
601685,FALSE
513377,FALSE
774,FALSE
612887,FALSE
136374,FALSE
373478,FALSE
2835194,FALSE
933283,FALSE
877079,FALSE
863399,FALSE
925381,FALSE
89582,FALSE
1002289,FALSE
685292,FALSE
804981,FALSE
575889,FALSE
5198760,FALSE
211990,FALSE
117195,TRUE
460592,FALSE
291189,FALSE
497178,FALSE
720698,FALSE
39895,FALSE
112499,FALSE
897581,FALSE
106872,FALSE
555984,FALSE
451880,FALSE
817794,FALSE
2270263,TRUE
91482,FALSE
744199,FALSE
982795,TRUE
298777,FALSE
85388,FALSE
798893,FALSE
104083,FALSE
988395,FALSE
717296,FALSE
93187,FALSE
96375,FALSE
518587,FALSE
709787,FALSE
129787,FALSE
549291,FALSE
223199,FALSE
914684,FALSE
993090,FALSE
574882,FALSE
643881,FALSE
263092,TRUE
382096,FALSE
220880,FALSE
347880,FALSE
253271,FALSE
673486,FALSE
807982,FALSE
754693,FALSE
550091,FALSE
97381,FALSE
82677,FALSE
913276,FALSE
572495,FALSE
722674,FALSE
758495,FALSE
848097,FALSE
729075,TRUE
424576,FALSE
953393,FALSE
497187,FALSE
799377,FALSE
750695,FALSE
572794,TRUE
657093,FALSE
247494,FALSE
269393,FALSE
243496,FALSE
516882,FALSE
786881,FALSE
982786,FALSE
631682,FALSE
612092,FALSE
764580,FALSE
21685,FALSE
369396,FALSE
420989,FALSE
329475,FALSE
84587,FALSE
612784,FALSE
149972,FALSE
594189,FALSE
470993,FALSE
617677,FALSE
240879,FALSE
236573,FALSE
563989,FALSE
692795,FALSE
748683,FALSE
1226030,FALSE
965284,FALSE
574396,TRUE
397399,FALSE
201094,FALSE
897077,FALSE
41496,FALSE
144799,FALSE
232182,FALSE
288385,FALSE
867575,FALSE
834773,TRUE
964072,FALSE
580388,FALSE
615785,FALSE
426691,FALSE
219875,FALSE
405388,FALSE
406675,FALSE
975591,FALSE
67889,FALSE
937898,FALSE
121697,FALSE
327891,FALSE
584171,FALSE
839581,FALSE
640880,FALSE
410298,FALSE
219987,FALSE
999672,FALSE
497598,FALSE
248473,FALSE
142599,FALSE
835574,FALSE
601087,FALSE
689889,FALSE
986878,FALSE
233086,FALSE
58887,FALSE
755896,FALSE
156073,TRUE
179586,FALSE
94278,FALSE
470984,FALSE
427399,FALSE
907882,FALSE
947990,FALSE
234476,FALSE
978471,FALSE
753584,FALSE
504795,FALSE
877583,FALSE
476799,FALSE
627797,FALSE
607799,FALSE
931494,FALSE
853895,FALSE
1011674,FALSE
444985,FALSE
784494,FALSE
879596,FALSE
863773,TRUE
873978,FALSE
888879,FALSE
894870,FALSE
11172,FALSE
900874,FALSE
905570,FALSE
560670,FALSE
104476,FALSE
664671,FALSE
600370,FALSE
972170,FALSE
672779,FALSE
940571,FALSE
687670,FALSE
804178,FALSE
805773,FALSE
811774,FALSE
762371,FALSE
148377,FALSE
156475,FALSE
640077,FALSE
835275,FALSE
783273,FALSE
362070,FALSE
306177,FALSE
329877,FALSE
415275,FALSE
343976,FALSE
422871,FALSE
425470,FALSE
488176,FALSE
64374,FALSE
155571,FALSE
162074,FALSE
161572,FALSE
88978,FALSE
213574,FALSE
168375,FALSE
95471,FALSE
294573,FALSE
43472,FALSE
228475,FALSE
883771,FALSE
767778,FALSE
693279,FALSE
713672,FALSE
980979,FALSE
988274,FALSE
990071,FALSE
789172,FALSE
510376,FALSE
511971,FALSE
625074,FALSE
568676,FALSE
574677,FALSE
644972,FALSE
593472,FALSE
433578,FALSE
381576,FALSE
393878,FALSE
398574,FALSE
468879,FALSE
309075,FALSE
393476,FALSE
450977,FALSE
337573,FALSE
464273,FALSE
408370,FALSE
531979,FALSE
287678,FALSE
184179,FALSE
186276,FALSE
195979,FALSE
715377,TRUE
659471,FALSE
13578,FALSE
686374,FALSE
900070,FALSE
842077,FALSE
910275,FALSE
1868636,FALSE
542676,FALSE
964371,FALSE
871077,FALSE
933274,FALSE
998077,FALSE
628374,FALSE
810478,FALSE
635970,FALSE
822770,FALSE
376778,FALSE
379377,FALSE
382779,FALSE
238278,FALSE
292074,FALSE
110682,FALSE
955687,FALSE
240075,FALSE
711089,FALSE
903688,FALSE
831286,FALSE
721284,FALSE
641887,FALSE
23689,FALSE
647085,FALSE
991180,FALSE
725488,FALSE
748487,FALSE
872588,FALSE
677680,FALSE
337489,FALSE
584386,FALSE
932688,FALSE
343480,FALSE
175485,FALSE
534484,FALSE
596688,FALSE
183583,FALSE
190086,FALSE
481980,FALSE
200284,FALSE
301686,FALSE
501280,TRUE
567688,FALSE
52689,FALSE
54786,FALSE
56883,FALSE
61289,FALSE
570688,FALSE
448684,FALSE
448282,FALSE
582588,FALSE
417587,FALSE
513180,FALSE
556187,FALSE
519481,FALSE
322186,FALSE
136589,FALSE
334086,FALSE
102182,FALSE
305086,FALSE
397184,FALSE
150688,FALSE
370682,FALSE
278180,FALSE
376983,FALSE
124689,FALSE
410382,FALSE
12580,FALSE
72687,FALSE
1000780,FALSE
75286,FALSE
977782,FALSE
1006689,FALSE
21881,FALSE
82480,FALSE
1010583,FALSE
24480,FALSE
1013584,FALSE
89283,FALSE
910882,FALSE
1017386,FALSE
916781,FALSE
923284,FALSE
3588,FALSE
924188,FALSE
36081,FALSE
931784,FALSE
99880,FALSE
996587,FALSE
695581,FALSE
710185,FALSE
812780,FALSE
166483,FALSE
844781,FALSE
726289,FALSE
171580,FALSE
172082,FALSE
884488,FALSE
826086,FALSE
180582,FALSE
768083,FALSE
892184,FALSE
184786,FALSE
864789,FALSE
895185,FALSE
834184,FALSE
207386,FALSE
189482,FALSE
804682,FALSE
208981,FALSE
835789,FALSE
210788,FALSE
898887,FALSE
213789,FALSE
838388,FALSE
192482,FALSE
869887,FALSE
900687,FALSE
626884,FALSE
673785,FALSE
602280,FALSE
676786,FALSE
681883,FALSE
621786,FALSE
535687,FALSE
567286,FALSE
738189,FALSE
658782,FALSE
813983,FALSE
872485,FALSE
686187,FALSE
823085,FALSE
707082,FALSE
239686,FALSE
254287,FALSE
269188,FALSE
274687,FALSE
531782,FALSE
349688,FALSE
302085,FALSE
418388,FALSE
424389,FALSE
557380,FALSE
374484,FALSE
201786,FALSE
559487,FALSE
563381,FALSE
625588,FALSE
503284,FALSE
141686,FALSE
452887,FALSE
458085,FALSE
17585,FALSE
41889,FALSE
744881,FALSE
929884,FALSE
746988,FALSE
871581,FALSE
881786,FALSE
695488,FALSE
797382,FALSE
705686,FALSE
619185,FALSE
954680,FALSE
645586,FALSE
728685,FALSE
663889,FALSE
664381,FALSE
28983,FALSE
50087,FALSE
67085,FALSE
255480,FALSE
559085,FALSE
268284,FALSE
384287,FALSE
572682,FALSE
192781,FALSE
392385,FALSE
577388,FALSE
463182,FALSE
403085,FALSE
464787,FALSE
106283,FALSE
353180,FALSE
477581,FALSE
129282,FALSE
541585,FALSE
544184,FALSE
547886,FALSE
994387,FALSE
2282,FALSE
674586,FALSE
676683,FALSE
968687,FALSE
784186,FALSE
741189,FALSE
825481,FALSE
979384,FALSE
736381,FALSE
841687,FALSE
850287,FALSE
804589,FALSE
990884,FALSE
864686,FALSE
679983,FALSE
813189,FALSE
816881,FALSE
231587,FALSE
257185,FALSE
252489,FALSE
263186,FALSE
28581,FALSE
36689,FALSE
34582,FALSE
39288,FALSE
116086,FALSE
126281,FALSE
449784,FALSE
393588,FALSE
517982,FALSE
177788,FALSE
291684,FALSE
301882,FALSE
186388,FALSE
303989,FALSE
190282,FALSE
349987,TRUE
355988,FALSE
540681,FALSE
605487,FALSE
55484,FALSE
202587,FALSE
365080,FALSE
210685,FALSE
83982,FALSE
620088,FALSE
381286,FALSE
446082,FALSE
764889,FALSE
706889,FALSE
958482,FALSE
779780,FALSE
789583,FALSE
799788,FALSE
696289,FALSE
802080,FALSE
808381,FALSE
622886,FALSE
631486,FALSE
703888,FALSE
894889,FALSE
826684,FALSE
961482,FALSE
833187,FALSE
651886,FALSE
355586,FALSE
301480,FALSE
984481,FALSE
988685,FALSE
234887,FALSE
135582,FALSE
239583,FALSE
240888,FALSE
417783,FALSE
486480,FALSE
147884,FALSE
4688,FALSE
494588,FALSE
274584,FALSE
272487,FALSE
277183,FALSE
193582,FALSE
286886,FALSE
563288,FALSE
100281,FALSE
573483,FALSE
890498,FALSE
582083,FALSE
118884,FALSE
589989,FALSE
67384,FALSE
532181,FALSE
191485,FALSE
471589,FALSE
227281,FALSE
594385,FALSE
915784,FALSE
730781,FALSE
671183,FALSE
654083,FALSE
568685,FALSE
570482,FALSE
587480,FALSE
411080,FALSE
598187,FALSE
672386,FALSE
602084,FALSE
495781,FALSE
434089,FALSE
774280,FALSE
214085,FALSE
789181,FALSE
222183,FALSE
230281,FALSE
794680,FALSE
799386,FALSE
249386,FALSE
991685,FALSE
52081,FALSE
1005280,FALSE
1017582,FALSE
171786,FALSE
174385,FALSE
5881,FALSE
289083,FALSE
876184,FALSE
903080,FALSE
848789,FALSE
856887,FALSE
921383,FALSE
859486,FALSE
503882,FALSE
701389,FALSE
649687,FALSE
428789,FALSE
392983,FALSE
316680,FALSE
522285,FALSE
274883,FALSE
340984,FALSE
279589,FALSE
413888,FALSE
538781,FALSE
56986,FALSE
57488,FALSE
9683,FALSE
13587,FALSE
95088,FALSE
564089,FALSE
100580,FALSE
569888,FALSE
103189,FALSE
582382,FALSE
40480,FALSE
42587,FALSE
597283,FALSE
731582,FALSE
183686,FALSE
942986,FALSE
798482,FALSE
748580,FALSE
196480,FALSE
140287,FALSE
601180,FALSE
205083,FALSE
769482,FALSE
1009082,FALSE
228082,FALSE
484682,FALSE
419086,FALSE
418584,FALSE
390886,FALSE
328580,FALSE
366180,FALSE
186986,FALSE
189585,FALSE
18984,FALSE
24985,FALSE
36184,FALSE
1007686,FALSE
754189,FALSE
680783,FALSE
952789,FALSE
961389,FALSE
815884,FALSE
771980,FALSE
826581,FALSE
979982,FALSE
839385,FALSE
995085,FALSE
724687,FALSE
1000883,FALSE
525585,FALSE
537887,TRUE
546487,FALSE
644187,FALSE
653880,FALSE
938680,FALSE
442486,FALSE
307688,FALSE
436083,FALSE
1876426,FALSE
445786,FALSE
447883,FALSE
326081,FALSE
146887,FALSE
895989,FALSE
725880,FALSE
910583,FALSE
848686,FALSE
592886,FALSE
972787,FALSE
864882,FALSE
613781,FALSE
951885,FALSE
475288,FALSE
357188,FALSE
485483,FALSE
501682,FALSE
108090,FALSE
945790,FALSE
764991,FALSE
707493,FALSE
966692,FALSE
841799,FALSE
1867732,FALSE
805193,FALSE
661492,FALSE
806798,FALSE
36791,FALSE
40695,FALSE
91790,FALSE
874993,FALSE
817495,FALSE
939799,FALSE
757395,FALSE
627199,FALSE
758990,FALSE
330994,FALSE
584694,FALSE
453790,FALSE
456399,FALSE
455897,FALSE
410391,FALSE
467096,FALSE
183891,FALSE
466594,FALSE
414595,FALSE
354495,FALSE
623397,FALSE
712497,FALSE
915896,FALSE
440594,FALSE
523899,FALSE
521792,FALSE
534194,FALSE
2372158,FALSE
2314297,FALSE
2414825,FALSE
2582911,FALSE
2799335,FALSE
513694,FALSE
2770839,FALSE
2964777,FALSE
3198542,FALSE
75099,FALSE
913799,FALSE
522098,FALSE
3593343,TRUE
3719433,FALSE
3214554,FALSE
4744731,FALSE
766593,FALSE
764898,FALSE
149990,FALSE
942696,FALSE
88697,FALSE
644299,FALSE
183798,FALSE
691293,FALSE
711191,FALSE
103189954,FALSE
362593,FALSE
485399,FALSE
366797,FALSE
308797,FALSE
506294,FALSE
322896,FALSE
323398,FALSE
325495,FALSE
51392,FALSE
236498,FALSE
113599,FALSE
79097,FALSE
155393,FALSE
157490,FALSE
572691,FALSE
547895,FALSE
583790,FALSE
494690,FALSE
524896,FALSE
439990,FALSE
531399,FALSE
241492,FALSE
252199,FALSE
134099,FALSE
384296,TRUE
302795,FALSE
396598,FALSE
101998,FALSE
407690,FALSE
378295,FALSE
409797,FALSE
348793,FALSE
941895,FALSE
998992,FALSE
75594,FALSE
1003295,FALSE
1005392,FALSE
947093,FALSE
906894,FALSE
907396,FALSE
1013892,FALSE
983699,FALSE
911290,FALSE
1015999,TRUE
921897,FALSE
926191,FALSE
70496,FALSE
165196,FALSE
818296,FALSE
831893,FALSE
202998,FALSE
216294,FALSE
778596,FALSE
778998,FALSE
872092,FALSE
640899,FALSE
642295,FALSE
649098,FALSE
612391,FALSE
617097,FALSE
799096,FALSE
930796,FALSE
862598,FALSE
816890,FALSE
679992,FALSE
758897,FALSE
945697,FALSE
947794,FALSE
949891,FALSE
703196,FALSE
239994,FALSE
95190,FALSE
405892,FALSE
417091,FALSE
367196,FALSE
369293,FALSE
563699,FALSE
384997,FALSE
398293,FALSE
930394,FALSE
688190,TRUE
873996,FALSE
937197,FALSE
617396,FALSE
646396,FALSE
909792,FALSE
792994,FALSE
731292,FALSE
237495,FALSE
176893,FALSE
448899,FALSE
452793,FALSE
575599,FALSE
299699,FALSE
86198,FALSE
526199,FALSE
208495,FALSE
108698,FALSE
121192,FALSE
1010097,FALSE
13297,FALSE
677493,FALSE
783992,FALSE
722290,FALSE
915391,FALSE
840390,FALSE
849290,FALSE
852692,FALSE
994293,FALSE
748991,FALSE
1001095,FALSE
996390,FALSE
3793,FALSE
30696,FALSE
113795,FALSE
116394,FALSE
143297,FALSE
158198,FALSE
516695,FALSE
396495,FALSE
180395,FALSE
304799,FALSE
317593,FALSE
537597,FALSE
419497,FALSE
200798,FALSE
56294,FALSE
439897,FALSE
222192,FALSE
566597,FALSE
446390,FALSE
760993,FALSE
639398,FALSE
719197,FALSE
776592,FALSE
242097,FALSE
174590,FALSE
369499,FALSE
685890,FALSE
786199,FALSE
599399,FALSE
796394,FALSE
738394,FALSE
416393,FALSE
472296,FALSE
776293,FALSE
769790,FALSE
171290,FALSE
862495,FALSE
888093,FALSE
165691,FALSE
890993,FALSE
631794,FALSE
709394,FALSE
961790,FALSE
959993,FALSE
970288,FALSE
593098,FALSE
1008197,FALSE
441292,FALSE
888392,FALSE
924991,FALSE
557894,FALSE
601498,FALSE
667896,FALSE
666291,FALSE
9991,FALSE
737397,FALSE
871394,FALSE
1019698,FALSE
549796,FALSE
992495,FALSE
241698,FALSE
238997,FALSE
814195,FALSE
480497,FALSE
1167517,TRUE
265797,FALSE
523394,FALSE
528090,FALSE
276494,FALSE
1942415,FALSE
1019643,FALSE
406899,FALSE
461599,FALSE
305899,FALSE
1219667,FALSE
1227019,FALSE
1227233,FALSE
707699,FALSE
881197,FALSE
1016594,FALSE
528492,FALSE
657299,FALSE
523796,FALSE
830793,FALSE
1223543,FALSE
414399,FALSE
500797,FALSE
667270,FALSE
1223486,FALSE
812490,FALSE
959890,FALSE
640291,FALSE
810393,FALSE
1226124,FALSE
988890,FALSE
957793,FALSE
1412589,FALSE
1223516,FALSE
1226991,FALSE
490599,FALSE
10894,FALSE
1894242,FALSE
1225912,FALSE
198493,FALSE
196396,FALSE
215390,FALSE
155094,FALSE
159298,FALSE
264594,FALSE
136299,FALSE
280790,FALSE
40396,FALSE
34395,FALSE
97091,FALSE
96599,FALSE
223096,FALSE
208794,FALSE
561499,FALSE
425096,FALSE
171393,FALSE
173397,FALSE
282990,FALSE
100599,FALSE
1977145,FALSE
874395,FALSE
259198,FALSE
224897,FALSE
598794,FALSE
204590,FALSE
2053176,FALSE
450191,FALSE
135890,FALSE
1225202,FALSE
139991,FALSE
402396,FALSE
449999,FALSE
329792,FALSE
377999,FALSE
252292,FALSE
642099,FALSE
427090,FALSE
362294,FALSE
356695,FALSE
357991,FALSE
701987,FALSE
3392984,FALSE
4197074,TRUE
268798,FALSE
442794,FALSE
932697,FALSE
1227578,FALSE
469296,FALSE
1227596,FALSE
1227662,FALSE
637497,FALSE
1423633,FALSE
683391,FALSE
733296,FALSE
205793,FALSE
210199,FALSE
594291,FALSE
597993,FALSE
546496,FALSE
749792,FALSE
3227228,FALSE
273091,FALSE